product_name,price ,date,condition
ASUS KO NVIDIA GeForce RTX 3070 V2 *LHR* OC Edition 8GB GDDR6 Graphics Card,"$1,129.95",Oct-18 21:26,Brand New
EVGA NVIDIA GeForce GTX 1070 FTW Gaming 8GB GDDR5 Graphics Card - ORIGINAL BOX,$479.00,Oct-18 21:26,Pre-Owned
FOR PARTS ZOTAC GTX 1070 8GB GDDR5 Graphics Card (ZT-P10700G-10M) Distorted vid,$149.99,Oct-18 21:25,Parts Only
ZOTAC GAMING GeForce GTX 1660 Twin Fan 6GB 192bit GDDR5 Graphics Cards,$450.00,Oct-18 21:21,Pre-Owned
EVGA GeForce RTX 2070 XC Gaming 8GB GDDR6 Graphics Card 08G-P4-2172-KR,$642.00,Oct-18 21:19,Pre-Owned
USED good!! ASUS GTX 1660 super 6GB GPU graphic card From JAPAN,$650.00,Oct-18 21:17,Pre-Owned
ASUS Dual NVIDIA GeForce GTX 1660 Ti OC Edition 6GB GDDR6 Graphics Card...,$550.00,Oct-18 21:16,Pre-Owned
DELL NVIDIA GEFORCE FX5200 AGP 128MB DDR 09Y452 GRAPHICS CARD,$25.00,Oct-18 21:15,Pre-Owned
GIGABYTE Radeon RX 570 4GB Gaming 4G GDDR6 Graphics Card (GV-RX570GAMING-4GD Rev,$310.00,Oct-18 21:03,Brand New
ASUS Republic of Gamers Strix GeForce GTX 1080 TI 11GB GDDR5X Graphics Card (RO‚Ä¶,$750.00,Oct-18 21:00,Pre-Owned
PNY GeForce GTX 1660 SUPER 6GB XLR8 Gaming OC Edition Graphics Card - SHIPS FAST,$535.61,Oct-18 20:59,Brand New
NVIDIA Quadro P600 GPU Graphics Card ,$110.00,Oct-18 20:55,Pre-Owned
AMD Radeon Rx 5700 Reference Blower Design Graphics Card for parts/not working,$450.00,Oct-18 20:54,Parts Only
Power Color Red Devil AMD Radeon RX 6900XT Graphics Card,"$2,400.00",Oct-18 20:52,Pre-Owned
EVGA NVIDIA GeForce RTX 3060 XC 12GB GDDR6 VR Graphics Card (12G-P5-3657-KB),$660.00,GREAT PRICE,Brand New
GIGABYTE AORUS GeForce RTX 3070 Master 8G 8GB GDDR6 LHR Graphics Card IN HAND,"$1,159.99",Oct-18 20:48,Brand New
MSI GeForce GTX 1660 Ti AERO ITX 6G OC graphics card black [domestic regular cir,$877.44,Oct-18 20:45,Brand New
Nvidia Quadro P1000 4GB GDDR5 PNY-VCQP1000 Graphics Card,$249.00,Oct-18 20:42,Refurbished
ASUS AMD Radeon RX 580 8GB GDDR5 Gaming Graphics Card...,$600.00,Oct-18 20:41,Pre-Owned
GIGABYTE GeForce RTX 3060 Ti GAMING OC 8G GDDR6 LHR Graphics Card IN HAND,$869.99,Oct-18 20:41,Brand New
Desktop Graphics Card GT730 2G DDR3 64Bit Video Graphics Card Gaming Compute G&,$48.67,Oct-18 20:36,Brand New
GPU Lot Graphics Card Nvidia AMD,$18.00,Oct-18 20:33,Parts Only
ASUS GeForce GTX 1650 Super Overclocked 4GB Graphics Card PH-GTX1650S-O4G,$420.00,Oct-18 20:31,Brand New
Sapphire NITRO AMD RX 590 8GB GDDR5  PCIe 3.0 x16 Special Edition Graphics Cards,$450.00,Oct-18 20:29,Pre-Owned
PowerColor AMD Radeon RX 550 Red Dragon Graphics Card,$159.99,Oct-18 20:29,Pre-Owned
ATI RAGE 128 Pro Graphics AGP e117942 GPU Card,$12.00,Oct-18 20:28,Pre-Owned
ASUS Dual GeForce GTX 1650 MINI OC Edition 4GB GDDR6 Graphics Card,$325.00,Oct-18 20:25,Brand New
"AMD Radeon RX 6800 16GB GDDR6 Graphics Card, Brand New & Sealed","$1,349.98",Oct-18 20:24,Brand New
SAPPHIRE Radeon RX Vega56 8GB HBM2 Graphic Card¬†,$900.00,Oct-18 20:21,Pre-Owned
NVIDIA GEFORCE GTX 770 & GEFORCE GTX 780 Graphics cards (NOT WORKING),$48.00,Oct-18 20:12,Parts Only
GEFORCE GTX 1650 GRAPHICS CARD.,$275.00,Oct-18 20:12,Brand New
EVGA GeForce GTX 1080 SC GAMING 8GB GDDR5X Graphics Card with Original Box,$549.99,Oct-18 20:10,Pre-Owned
GIGABYTE AORUS GeForce RTX 3090 XTREME WATERFORCE Graphics Card AIO FAST SHIP‚úà ,"$2,988.00",Oct-18 20:08,Brand New
AMD ATI Radeon HD 5870 1GB Graphics Card ATI-102-C07802(B),$44.99,Oct-18 20:07,Pre-Owned
EVGA GeForce GTX 1080 Ti 11GB GDDR5X Graphics Card (11GP46598KR),$450.00,Oct-18 20:02,Parts Only
"ATI Radeon HD 5870 for Mac Pro A1289 Graphics Card 5,1 4,1",$65.00,Oct-18 20:01,Pre-Owned
NVIDIA Quadro K2200 4GB Graphics Card,$85.00,Oct-18 20:00,Pre-Owned
ASUS NVIDIA GeForce RTX 3070 Ti ROG Strix OC Graphics Card - SHIPS FAST üööüí®,"$1,299.00",Oct-18 19:58,Brand New
ZOTAC GAMING GEFORCE RTX 2060 6GB Graphics Card ,$500.00,Oct-18 19:57,Pre-Owned
MSI Radeon RX 570 4GB GDDR5 Graphic Cards (RX 570 ARMOR 4G OC),$275.00,Oct-18 19:52,Refurbished
CISCO UCSC-GPU-K80 NVIDIA TESLA K80 24GB GDDR5 CUDA GRAPHICS CARD ACCELERATOR ,$259.00,Oct-18 19:49,Refurbished
"GEFORCE GTX 1660 TI GDDR6 6GB Graphics Card,SUPER GAMING X Video Card",$559.99,Oct-18 19:49,Brand New
graphics card GTX 1050 2GB DDR5. TESTED GOOWORKING.,$65.00,Oct-18 19:46,Open Box
PNY XLR8 GeForce GTX 1650 SUPER OC 4GB GDDR6 Video Graphics Card GPU,$364.14,Oct-18 19:43,New (Other)
graphics card GTX 780 4gb gddr5. TESTED GOOD WORKING.,$88.00,Oct-18 19:42,Open Box
GIGABYTE NVIDIA GeForce GTX 1050 TI 4GB GDDR5 Graphics Card (GVN105TOC4GL),$225.00,Oct-18 19:40,Pre-Owned
ASUS GTX 550Ti graphics card 1GB DDR5. TESTED GOOD WORKING.,$50.00,Oct-18 19:36,Pre-Owned
EVGA GT 640 4GB DDR3 GRAPHIC CARD PN:04G-P4-2649-KR. TESTED GOOD WORKING.,$111.00,Oct-18 19:33,Pre-Owned
üî•Brand New MSI Geforce RTX 3060 Ventus 3x 12GB OC Edition Graphics Card GPU,$724.95,Oct-18 19:32,Brand New
AMD Radeon RX 6700 XT 12GB GDDR6 Graphics Card,$869.95,Oct-18 19:29,Brand New
ASUS ROG Strix GeForce RTX 3080 OC 10GB GDDR6X Graphics Card GPU,"$1,700.00",Oct-18 19:28,Open Box
MSI AMD Radeon RX 480 8GB GDDR5 Gaming X Graphics Card for mining 31.2mh/s ETH,$400.00,Oct-18 19:28,Pre-Owned
ASUS GTX 760 3GB 192BIT-3GD5-DP GRAPHIC CARD. TESTED GOOD WORKING.,$111.00,Oct-18 19:26,Pre-Owned
EVGA GeForce RTX 3080 FTW3 ULTRA GAMING 10GB (Non-LHR) Graphics Card (B-Stock),"$2,149.99",Oct-18 19:25,Open Box
GIGABYTE AMD Radeon RX 5700 XT GAMING OC 8GB GDDR6 Graphics Card,$979.95,Oct-18 19:21,Pre-Owned
EVGA GeForce RTX 3070 XC3 Ultra Black(8GB) Graphics Card(08G-P5-3751-KR) NON LHR,"$1,365.00",Oct-18 19:17,Pre-Owned
RTX 2070 Super 8GB Graphic Card Dell Alienware,$720.00,Oct-18 19:16,Open Box
MSI Radeon AMD RX 480 4GB GDDR4 Gaming Graphics Card,$550.00,Oct-18 19:15,Open Box
"Dell V5WK5 Nvidia Quadro K600 1GB DDR3 graphics card, DVI, DisplayPort",$16.99,Oct-18 19:14,Pre-Owned
New ASUS GeForce RTX 3060 DUAL OC V2 12GB Graphics Card In Hand Fast Free Ship,$748.88,Oct-18 19:10,Brand New
ASUS 512MB DDR2 PCIe GeForce 210 Low Profile Graphics Card W/Cooling Fan,$20.00,Oct-18 19:10,Pre-Owned
Gigabyte Radeon RX 6700 XT EAGLE Graphics Card USED!,$939.00,Oct-18 19:10,Pre-Owned
EVGA RTX 3080 XC3 Ultra Gaming 10GB GDDR6X Graphics Card LHR - SHIPS ASAP,"$1,450.00",Oct-18 19:09,Brand New
SEALED IN HAND NVIDIA RTX 3060 Ti Founders Edition FE 8GB GDDR6 Graphics Card,"$1,389.54",Oct-18 19:09,Brand New
ASUS NVIDIA GeForce GTX 1060 3GB GDDR5 Graphics Card (DUALGTX1060O3G),$300.00,Oct-18 19:07,Pre-Owned
NVIDIA Quadro P620 2GB GDDR5 Video Graphics Card Low Profile Excellent Condition,$159.99,Oct-18 19:06,Refurbished
MSI RTX 3080 VENTUS 3X 10G OC LHR Gaming 10GB GDRR6X 320-Bit Graphics Card,"$1,488.00",Oct-18 19:02,Brand New
NVIDIA GeForce RTX 3080 Ti Founders Edition 12GB GDDR6X Graphics Card,"$1,860.00",Oct-18 19:01,Brand New
EVGA GeForce GT 520 1GB PCIe DDR3 Mini HDMI DVI Video Graphics Card 01G-P3-1526,$19.95,Oct-18 19:00,Pre-Owned
G. Empire Nvidia GeForce GT 630 4GB Video Graphics Card Low Profile,$54.95,Oct-18 19:00,Pre-Owned
SAPPHIRE Pulse AMD Radeon RX 590 8GB GDDR5 Graphics Card,$519.99,Oct-18 18:58,Refurbished
EVGA GeForce RTX 3070 Ti XC3 ULTRA GAMING 8GB GDDR6X Graphics Card,"$1,249.99",Oct-18 18:58,Brand New
Vintage Diamond Multimedia VIPER V330 AGP NLX S3 VGA Graphics Video CARD RIVA PC,$45.94,Oct-18 18:57,Pre-Owned
NVIDIA GeForce RTX 3070 Ti Founders Edition 8GB GDDR6X Graphics Card,"$1,199.99",Oct-18 18:55,Brand New
ZOTAC GeForce RTX 3060 Twin Edge OC 12GB GDDR6 Graphics Card SHIP ASAP,$734.95,Oct-18 18:54,Brand New
MSI GeForce GTX 750 TI VEGA HDMI DVI Video Card Graphics Card¬†,$130.00,Oct-18 18:52,Pre-Owned
"EVGA GeForce RTX 3080 Ti FTW3 ULTRA GAMING 12GB GDDR6X Graphics Card, SHIPS FAST","$1,889.94",Oct-18 18:48,Brand New
MSI NVIDIA GeForce GTX 1070 8GB GDDR5 Graphics Card (GTX1070GAMINGX8G),$400.00,Oct-18 18:48,Pre-Owned
EVGA GeForce GTX 1070 SC 8GB GDDR5 Graphics Card (08G-P4-6173-KR),$398.00,Oct-18 18:46,Pre-Owned
PowerColor AMD Radeon RX 550 Red Dragon Graphics Card 4GB,$272.00,Oct-18 18:46,Brand New
EVGA GeForce RTX 2060 GAMING 6 GB GDDR6 PCI Express 3.0 Graphics Card -,$599.00,Oct-18 18:46,Pre-Owned
NVIDIA GeForce RTX 3080 Ti Founders Edition 12GB GDDR6X Graphics Card - NEW,"$1,949.99",Oct-18 18:46,Brand New
EVGA Nvidia Geforce GTX 750 Ti SC - 2GB GDDR5 Graphics Card,$100.00,Oct-18 18:45,Pre-Owned
MSI GeForce RTX 3060 Ti VENTUS 2X OC 8GB GDDR6 Graphics Card,$775.00,Oct-18 18:44,Brand New
MSI Nvidia GeForce GTX 1050 Ti 4GB Low Profile DDR5 Graphics Card Used,$225.00,Oct-18 18:44,Pre-Owned
NVIDIA GeForce RTX 3080 Ti 12GB GDDR6X PCI Express 4.0 Graphics Card OVERNIGHT‚úàÔ∏è,"$1,995.00",Oct-18 18:42,Brand New
AMD Radeon RX 6700 XT 12GB GDDR6 Graphics Card IN HAND BRAND NEW SHIPS FAST!,$850.00,GREAT PRICE,Brand New
EVGA GeForce GTX 750Ti  2GB GDDR5 Graphic Card - 02G-P4-3753-KR,$95.99,Oct-18 18:38,Pre-Owned
EVGA GeForce RTX 2070 8GB GDDR6 Graphics Card (08GP43173KR),$315.00,Oct-18 18:37,Parts Only
Dell OEM Nvidia Geforce GTX 1660 TI 6GB GDDR6 Video Graphics Card,$599.00,Oct-18 18:37,Open Box
MSI NVIDIA GeForce GTX 970 4GB GDDR5 Graphics Card (GTX970GAMING4G),$225.00,Oct-18 18:36,Pre-Owned
ASUS Radeon ROG STRIX GAMING RX 570 4GB GDDR5 Graphics Card,$279.99,Oct-18 18:36,Open Box
NVIDIA GeForce RTX 3080 Ti Founders Edition 12GB GDDR6X Graphics Card,"$1,900.00",Oct-18 18:34,Brand New
Brand New - ASUS NVIDIA GeForce RTX 3080 TUF Gaming V2 LHR 10GB Graphics Card,"$1,548.98",Oct-18 18:32,Brand New
AMD RADEON R5 340X 109-C87051-00 PCIe 2GB DVI DISPLAY PORT GRAPHICS CARD,$25.00,Oct-18 18:31,Pre-Owned
EVGA NVIDIA GEFORCE GT 610 1GB DDR3 PCIe x16 2.0 GRAPHICS CARD 01G-P3-2615-KR,$25.00,Oct-18 18:31,Pre-Owned
NVIDIA QUADRO FX 580 PCIe x16 DUAL DISPLAY PORT & DVI GRAPHICS CARD,$14.99,Oct-18 18:31,Pre-Owned
EVGA GeForce RTX 3060 XC GAMING 12GB GDDR6 Graphics Card (12G-P5-3657-RX),$699.99,Oct-18 18:30,Refurbished
MSI NVIDIA GeForce GTX 1080 8GB Gaming X8G GPU Overclocked Edition Graphics Card,$546.00,Oct-18 18:30,Pre-Owned
Brand New - ASUS ROG Strix GeForce RTX 3080 OC V2 10GB GDDR6X Graphics Card LHR,"$1,650.00",Oct-18 18:29,Brand New
NVIDIA QUADRO 6000 6GB SINGLE FAN GDDR5 VIDEO GRAPHICS CARD,$209.00,Oct-18 18:26,Pre-Owned
NVIDIA GeForce RTX 3080 Ti Founders Edition FE 12GB GDDR6X Graphics Card In Hand,"$1,849.99",Oct-18 18:26,Brand New
GIGABYTE AORUS GeForce RTX 3090 XTREME WATERFORCE Graphics Card AIO FAST SHIP‚úà ,"$2,988.00",Oct-18 18:25,Brand New
NVIDIA GeForce RTX 3070 Ti Founders Edition 8GB GDDR6X Graphics Card,"$1,200.00",Oct-18 18:24,Brand New
NEW ASUS KO 3070 OC Edition Graphics Card [KO-3070-O8G-V2-GAMING],"$1,050.00",Oct-18 18:24,Brand New
‚úÖ NVIDIA GeForce RTX 3070 Founders Edition 8GB GDDR6 Graphics Card NON-LHR‚úÖ FAST,"$1,499.00",Oct-18 18:24,Brand New
Nvidia GeForce RTX 3060 12GB GDDR6 Graphics Card OEM Dell XPS 8940 Desktop,$900.00,Oct-18 18:23,Open Box
MSI GeForce GTX 1060 3G OCV1 Graphics Card GDDR5 PCI Express 3.0 x16 3GB,$200.00,Oct-18 18:22,Pre-Owned
NVIDIA GeForce RTX 3070 TI Founders Edition Graphics Card **Brand New**,"$1,349.00",Oct-18 18:21,Brand New
HP NVIDIA Quadro M4000 8GB GDDR5 Graphics Card,$249.00,Oct-18 18:19,Pre-Owned
NVIDIA Quadro K5000 4GB GDDR5 PCIe 2.0 x16 Dual Slot GPU Graphics Video Card,$159.00,Oct-18 18:19,Pre-Owned
MSI NVIDIA GeForce RTX 2070 SUPER VENTUS GP OC 8GB GDDR6 Graphics Card,$834.95,Oct-18 18:19,Pre-Owned
üí• ASUS TUF GeForce RTX 3060 Ti OC 8GB Graphics Card - NIB SHIPS TODAY üí•,$839.98,Oct-18 18:13,Brand New
ZOTAC GeForce GTX 1080 Ti Amp Extreme 11GB GDDR5X Graphics Card,$950.00,Oct-18 18:12,Pre-Owned
GIGABYTE AORUS GeForce RTX 3080 Ti XTREME 12GB GDDR6X Graphics Card,"$2,299.00",Oct-18 18:10,Open Box
AMD FirePro W2100 2GB DDR3 DDR3 PCI Express Graphics Video Card,$53.00,Oct-18 18:09,Refurbished
EVGA GeForce RTX 3070 Ti FTW3 ULTRA GAMING 8GB GDDR6X Graphics Card SEALED,"$1,200.00",Oct-18 18:07,Brand New
ASUS geforce gtx 1050 ti 4gb Graphics card HDMI/ DVI-D/Display port inputs.,$235.00,Oct-18 17:59,Brand New
EVGA GeForce RTX 3080 FTW3 ULTRA GAMING 10GB GDDR6X Graphics Card LHR,"$1,475.00",Oct-18 17:58,Brand New
Dell OEM Nvidia GTX 1650 Super 4Gb Gaming Video Graphics Card 04WY5P 4WY5P,$299.99,Oct-18 17:55,Pre-Owned
MSI AMD Radeon RX 5700 XT Mech OC 8GB GDDR6 5700XTMHC Gaming Graphics Video Card,"$1,100.00",Oct-18 17:53,Brand New
MSI GeForce Nvidia GTX1650 4GB GDDR6 Graphics Card,$330.00,Oct-18 17:50,Pre-Owned
"PNY NVIDIA Quadro RTX 4000 8GB GDDR6, Graphics Video Card , VGA, Video Card",$799.99,Oct-18 17:48,Open Box
MSI NVIDIA GeForce GTX 1050 TI 4GB GDDR5 Graphics Card,$300.00,Oct-18 17:48,Pre-Owned
ASUS TUF Gaming OC GeForce GTX 1660 Super 6GB Graphics Card FREE FAST SHIPPINGüöÄ,$615.00,Oct-18 17:48,Brand New
ASUS Rog STRIX GeForce RTX 3080 White OC Edition 10GB GDDRX6 Graphics Card,"$4,000.00",Oct-18 17:46,Brand New
Nvidia EVGA GeForce GTX 970 4GB Graphics Card,$178.03,Oct-18 17:44,Pre-Owned
New PowerColor Red Devil AMD Radeon RX 5700 XT 8GB GDDR6 Graphics Card,"$1,200.00",Oct-18 17:41,Open Box
Dell Alienware Nvidia RTX 3080 Graphics Card GPU,"$2,200.00",Oct-18 17:39,Pre-Owned
PowerColor AMD Radeon RX 6600 XT Hellhound 8GB GDDR6 Graphics Card,$649.00,Oct-18 17:39,Brand New
ASUS TUF Gaming GeForce GTX 1650 OC Edition Graphics Video Card - FREE SHIPPING!,$348.88,Oct-18 17:37,Brand New
EVGA GeForce RTX 3070 XC3 ULTRA GAMING 8GB GDDR6 Graphics Card LHR,"$1,099.99",Oct-18 17:36,Brand New
EVGA NVIDIA GeForce RTX 3060 XC 12GB GDDR6 Graphics Card (12G-P5-3657-KB),$695.00,Oct-18 17:36,Brand New
NVIDIA Tesla C2070 6 GB Graphic Card,$501.29,Oct-18 17:33,Refurbished
Pny NVIDIA Quadro FX3400 Graphic Card VCQFX3400 S26361-D1653-V340 GS2 256MB,$327.23,Oct-18 17:33,Refurbished
Fujitsu S26361-D1243-V116 VGA Graphic Card,$208.87,Oct-18 17:33,Refurbished
Pny NVIDIA Quadro FX3500 Graphic Card VCQFX3500 S26361-D1653-V350 GS4 256MB New,$459.52,Oct-18 17:33,Brand New
GIGABYTE Radeon RX 6600 XT EAGLE 8G GDDR6 Graphics Card - Black - NEW,$600.00,Oct-18 17:32,Brand New
[BRAND NEW / SEALED] EVGA GeForce RTX 3060 Ti XC Graphics Card (08G-P5-3663-KL),$848.00,Oct-18 17:32,Brand New
MSI GeForce RTX 2070 Super VENTUS 8GB GDDR6 PCI-E3.0 x16 Video Graphics Card ,$760.00,Oct-18 17:30,Pre-Owned
Sapphire ATI Radeon HD 5570 1GB GDDR3 Graphics Card 299-3E142-210SA | GPU838,$20.00,Oct-18 17:30,Pre-Owned
üî• ASUS TUF-RTX3060TI V2 8GB Graphics Card SEALED üöÄFAST SHIPPINGüöÄ,$999.00,Oct-18 17:28,Brand New
ASUS GeForce GTX 1070 8GB GDDR5 Graphics Card (DUALGTX1070O8G),$388.43,Oct-18 17:26,Pre-Owned
NVIDIA GeForce RTX 3080 Ti Founders Edition 12GB GDDR6X Graphics Card,"$2,200.00",Oct-18 17:25,Brand New
XFX Speedster MERC 319 Radeon RX 6900 XT Ultra 16GB GDDR6 Graphics Card,"$1,600.00",Oct-18 17:18,Open Box
ASUS ROG Strix Radeon RX 5600 XT TOP 6GB GDDR6 Graphics Card,$699.00,Oct-18 17:17,Pre-Owned
AMD Radeon RX 6600 PowerColor Fighter Graphics Video Card New Sealed FAST SHIP ‚úà,$578.88,Oct-18 17:16,Brand New
MSI AMD Radeon RX 580 ARMOR MK2 OC 8GB GDDR5 Graphics Card,$460.00,Oct-18 17:14,Pre-Owned
ASUS ROG Strix Gaming Radeon RX 5700 XT OC 8GB GDDR6 Graphics Card (ROG-STRIX-R‚Ä¶,"$1,100.00",Oct-18 17:13,Pre-Owned
ASUS Dual GeForce RTX 3060 Ti V2 OC 8GB GDDR6 Graphics Card LHR,$800.00,Oct-18 17:12,Brand New
evga geforce gtx 970 4gb gddr5 graphics card,$225.00,Oct-18 17:12,Pre-Owned
PowerColor Hellhound AMD Radeon RX 6600 XT Gaming Graphics Card FREE SHIPPING!,$625.00,Oct-18 17:12,Brand New
DELL AMD WX 4150 Vga Video Graphic Card 216-0896288,$74.62,Oct-18 17:11,Pre-Owned
Dell Precision M4700 ATI Radeon 1GB Laptop Video Graphics Card 109-C42251-00A ,$19.99,Oct-18 17:10,Pre-Owned
üî• NVIDIA GeForce RTX 3090 FE Graphics Card (Non-LHR GPU) üî• Free Shipping üî•,"$2,915.00",Oct-18 17:08,Brand New
GIGABYTE GeForce RTX 3090 GAMING OC 24GB Graphics Card  - READY TO SHIP üî•,"$2,695.00",Oct-18 17:06,Brand New
iBuyPower Valkyrie CZ-17 NVIDIA GeForce 285M 1GB Graphics Card MS-1V0W,$29.99,Oct-18 17:05,Pre-Owned
PNY P307 NVIDIA Quadro NVS 440 256 MB DDR SDRAM PCI Express x16 Graphics Card,$38.99,Oct-18 17:04,Pre-Owned
Zotac ZT-95TEK2M-FSL NVIDIA GeForce 9500GT 1GB 128-Bit PCI-e Video Graphics Card,$59.99,Oct-18 17:04,Pre-Owned
ASUS ROG Strix Radeon RX 5600 XT TOP 6GB GDDR6 Graphics Card,$729.00,Oct-18 16:58,Pre-Owned
ASUS TUF Gaming NVIDIA GeForce RTX 3060 Ti V2 OC Edition Graphics Card FREE SHIP,$849.88,Oct-18 16:57,Brand New
PowerColor Red Devil AMD Radeon RX 6600 XT Gaming Graphics Card BRAND NEW!,$638.00,Oct-18 16:57,Brand New
Genuine 64MB Connect 3D 8912-910 ATI Radeon 7000 VE VGA DVI AGP Graphics Card,$51.73,Oct-18 16:55,Pre-Owned
8MB Number Nine SR9 01-338120-00 REV 00 AGP Graphics Card Unit,$57.46,Oct-18 16:55,Pre-Owned
Original Genuine MSI MS-8829 Ver:100 Geforce2 MX200 VGA AGP Graphics Card,$46.01,Oct-18 16:55,Pre-Owned
NVIDIA GeForce RTX 3080 Ti Founders Edition 12GB Graphics Card IN HAND SHPS NOW,"$1,950.00",Oct-18 16:55,Brand New
Refurbished Gigabyte GeForce GTX 1650 SUPER 4GB GDDR6 Graphics Card GV-N165SOC,$324.99,Oct-18 16:55,Refurbished
 ZOTAC Gaming GeForce RTX 3070 Twin Edge OC 8GB (LHR) Graphics Card FREE SHIP!,$999.99,Oct-18 16:49,Brand New
GIGABYTE AORUS GeForce RTX 3060 Ti ELITE 8GB GDDR6 REV 2.0 Graphics Card,$865.99,Oct-18 16:48,Brand New
MSI GT 730 2GB DDR3 HDMI/VGA/DVI W2YXR Graphics/Video card *tested*,$39.99,Oct-18 16:48,Pre-Owned
GIGABYTE GeForce RTX 3080 Ti EAGLE OC 12GB Graphics Card,"$1,919.99",Oct-18 16:48,Brand New
XFX ATI Radeon HD 4890 XT Express Graphics Card PCI DDR5 1GB HD-489A-ZDFC V5.2,$29.99,Oct-18 16:47,Pre-Owned
AMD Radeon RX 6700 XT 12GB GDDR6 Graphics Card (100-438385),$869.94,Oct-18 16:46,Open Box
MSI NVIDIA GeForce GTX 980 Ti 6GB Graphics Card GPU *For Parts* ,$135.00,Oct-18 16:46,Parts Only
XFX AMD Radeon R7 260X 2GB GDDR5 HDMI/DP/DVI Video/Graphics card *tested*,$99.99,Oct-18 16:39,Pre-Owned
**IN HAND** **NEW** - NVIDIA GeForce RTX 3070 Ti Founders Edition Graphics Card,"$1,200.00",Oct-18 16:39,Brand New
New Unopened EVGA GeForce RTX 3060 XC 12GB GDDR6 Graphics Card (12G-P5-3657-KR)¬†,$809.00,Oct-18 16:38,Brand New
**BROKEN**ASUS Turbo GeForce RTX 1060 6GB GDDR5 Graphics Card (TURBO-RTX1060-6G),$200.00,Oct-18 16:36,Parts Only
GIGABYTE GeForce RTX 3080 Ti GAMING OC 12GB GDDR6X Graphics Card,"$1,700.00",Oct-18 16:28,Pre-Owned
EVGA GeForce RTX 3080 FTW3 ULTRA GAMING 10GB GDDR6X Graphics Card - Black...,"$1,497.07",Oct-18 16:28,Pre-Owned
XFX Radeon R7 240 2gb Graphics Card R7-240a-clj,$29.92,Oct-18 16:28,Refurbished
GIGABYTE GeForce RTX 3080 Ti EAGLE 12GB GDDR6X Graphics Card - BRAND NEW!,"$1,789.00",Oct-18 16:27,Brand New
PowerColor Red Devil AMD Radeon RX 5700 XT 8GB GDDR6 Graphics Card GPU Clean,$999.86,Oct-18 16:24,Pre-Owned
ASUS Radeon RX 560 4GB GDDR5 Graphics Card (ROG-STRIX-RX560-4G-GAMING) FREE SHIP,$205.00,Oct-18 16:24,Pre-Owned
Sapphire Pulse AMD Radeon RX 6600 Graphics Card - 8GB DDR6 - Open Box,$649.99,Oct-18 16:21,Open Box
EVGA GeForce GTX 1070 8GB GDDR5 Graphics Card¬†08G-P4-6171-KR / NICE UNIT,$415.00,Oct-18 16:20,Pre-Owned
Zotac AMP Holo GeForce RTX3070Ti 8GB Gaming Graphics card Fast 2-Day Shipping,"$1,099.99",Oct-18 16:11,Pre-Owned
MSI Gaming RTX 2070 8GB GDRR6 Graphics Card,$900.00,Oct-18 16:08,Pre-Owned
EVGA FTW3 Ultra NVIDIA GeForce RTX3090 24 GB Gaming Graphics Card - 2-Day Ship,"$2,739.99",Oct-18 16:08,Pre-Owned
GIGABYTE GeForce RTX 3080 Gaming OC WATERFORCE WB 10G (REV2.0) Graphics Card,"$1,549.99",Oct-18 16:07,Brand New
ASUS GeForce GTX 1650 OC Edition NVIDIA Gaming Graphics Card Phoenix NEW,$320.15,Oct-18 16:05,Brand New
NEW Gigabyte AMD Radeon RX 6600 XT 8GB GDDR6 Gaming Graphics card 2-Day,$639.99,Oct-18 16:02,Brand New
XFX RX 480 P4D 4GB Core Graphics Card | (2-3Day Shipping),$229.00,Oct-18 16:00,Pre-Owned
NVIDIA GeForce GTX 770 2 GB GPU Video Graphics Card  see pics ,$145.00,Oct-18 15:57,Pre-Owned
NEW Zotac NVIDIA GeForce RTX30 80 Amp Holo 10GB GDDR6X Gaming Graphics card LHR,"$1,439.99",Oct-18 15:57,Brand New
XFX HD Radeon 4890 Series 1GB DDR5 Dual DVI PCI-E Video Graphics Card Tested ,$44.99,Oct-18 15:57,Pre-Owned
PowerColor AMD Radeon RX 6600 XT Hellhound 8GB GDDR6 Graphics Card *SEALED*,$610.00,Oct-18 15:57,Brand New
SAPPHIRE Radeon NITRO+ RX 5700 XT 8GB GDDR6 Graphics Card 11293-03-40G Fast Ship,"$1,099.00",Oct-18 15:54,Pre-Owned
Dell ATI Radeon X300 E-G012-05-1489(B) 128MB Computer Graphics Card Functions,$12.99,Oct-18 15:54,Pre-Owned
ASUS ROG Strix GeForce RTX 3080 OC White Edition 10GB GDDR6X Graphics Card (90YV,"$2,860.00",Oct-18 15:47,Pre-Owned
ZOTAC GAMING GeForce RTX 3090 Trinity OC 24GB GDDR6X Graphics Card,"$2,550.00",Oct-18 15:44,Brand New
ASUS ROG Strix GeForce RTX 2070 8GB GDDR6 PCI Express 3.0 Graphics Card,$725.00,Oct-18 15:42,Refurbished
MSI GeForce RTX 3070 Ti GAMING X TRIO 8GB GDDR6X Graphics Card,"$1,249.57",Oct-18 15:38,Brand New
ASUS DUAL EVO RX 5600 XT 6GB GDDR6 TOP Edition Graphics Card,$599.99,Oct-18 15:37,Pre-Owned
EVGA GeForce RTX 3070 FTW3 ULTRA 8GB GDDR6 Graphics Card **NON LHR Version**,"$1,399.00",Oct-18 15:34,Pre-Owned
GIGABYTE GeForce GTX 1660 SUPER GAMING OC GDDR6 Graphics Card - 6GB,$500.00,Oct-18 15:34,Pre-Owned
ASUS Phoenix NVIDIA GeForce GTX 1650 OC Edition Gaming Graphics Card FREE SHIP,$319.00,Oct-18 15:33,Brand New
MSI RTX 3070 Ti GAMING X TRIO 8GB GDDR6X Graphics Card and motherboard bundle,"$1,428.13",Oct-18 15:32,Brand New
"EVGA GeForce GTX 580 | PC Graphics Card | Mini HDMI, DVI | 1536 MB GDDR5 | ",$48.55,Oct-18 15:29,Pre-Owned
PNY Nvidia Quadro K600 1GB GDDR3 Graphic Card DVI & Display Port P/N:VCQK600-T,$65.99,Oct-18 15:29,Pre-Owned
ASUS KO NVIDIA GeForce RTX 3060 Ti V2 OC Edition 8GB Graphics Card LHR,$875.99,Oct-18 15:28,Brand New
GIGABYTE GeForce RTX 2060 GAMING OC PRO 6G Graphics Card - Black,$600.00,Oct-18 15:28,Pre-Owned
EVGA GeForce RTX 2060 Super XC Ultra 8GB GDDR6 08G-P4-3163-KR Graphics Card,$989.99,Oct-18 15:26,Brand New
EVGA GeForce GTX 285 | PC Graphics Card | DVI-I X2 | 1024MB GDDR3 | SLI | ,$28.32,Oct-18 15:23,Pre-Owned
GIGABYTE GeForce RTX 2070 SUPER Windforce OC 8GB GDDR6 Video Graphics Card GPU,$809.22,Oct-18 15:20,New (Other)
EVGA GeForce GTX 570 HD | PC Graphics Card | HDMI DVI | 1280MB GDDR5 | SLI ,$40.46,Oct-18 15:19,Pre-Owned
NVIDIA Quadro RTX 5000 16GB DDR6 (4)DP + USB-C 265W Graphic Card 5JH81AT 5JH81AA,"$1,769.99",Oct-18 15:19,Refurbished
EVGA GeForce RTX 3070 XC3 ULTRA GAMING LHR GPU Video Graphics Card 08G-P5-3755-K,$988.85,Oct-18 15:18,Brand New
GIGABYTE GeForce RTX 3070 AORUS MASTER GPU LHR Graphics Video Card New GV-N3070A,"$1,195.85",Oct-18 15:17,Brand New
Asus Tuf Gaming Geforce GTX 1660 Super OC GPU Graphics Video Card TUF-GTX1660S-O,$588.85,Oct-18 15:16,Brand New
PNY Nvidia Quadro K2000 2GB GDDR5 PCIe 2.0 x16 VCQK2000-T Graphics Card,$69.00,Oct-18 15:16,Pre-Owned
DELL NVIDIA Quadro K2000 2GB GDDR5 Video Graphics Card PCIe 0JHRJ,$65.00,Oct-18 15:14,Pre-Owned
EVGA GeForce RTX 3070 XC3 8GB GDDR6 Graphics Card. IN HAND *BRAND NEW SEALED*,"$1,150.00",Oct-18 15:13,Brand New
Dell Alienware AMD Radeon RX 6800 XT 16GB GDDR6 GRAPHICS CARD,"$1,289.00",Oct-18 15:11,Pre-Owned
MSI G1660TGX6 GeForce GTX 1660 6GB GDDR6 Gaming X Graphics Card,$530.00,Oct-18 15:09,Pre-Owned
graphics card 4gb gddr5,$125.00,Oct-18 15:08,Open Box
MSI Gaming X GeForce RTX 3060 Ti LHR 8GB GDRR6 Graphics Card SHIPS SAME DAY,$950.00,Oct-18 15:07,Brand New
"ASUS ROG Strix NVIDIA GeForce RTX 3060 Ti V2, 8GB GDDR6 Gaming Graphics Card",$949.00,Oct-18 15:06,Brand New
MSI NVIDIA GeForce GTX 1080 8GB Gaming 8G Graphics Card NOT WORKING/FOR PARTS,$180.00,Oct-18 15:05,Parts Only
Gigabyte GeForce GTX 1080 xtream vr ready OC Graphics Card 8GB,$555.00,Oct-18 15:03,Pre-Owned
ASUS  AMD Radeon HD 6450 Silent 1GB DDR3 Video Graphics Card ,$24.99,Oct-18 15:01,Pre-Owned
Zotac GeForce RTX 2070 Blower 8GB GDDR6 ZT-T20700A-10P Gaming Graphics Card GPU,$750.00,Oct-18 14:59,Pre-Owned
AMD Radeon RX 6700 XT 12G GDDR6 Graphics Card In Hand,$875.00,Oct-18 14:58,Brand New
GIGABYTE NVIDIA GeForce GTX 1070 8 GB GDDR5 Graphics Card (GV-N1070WF2OC-8GD),$439.00,Oct-18 14:56,Pre-Owned
MSI NVIDIA Geforce RTX 3060 VENTUS3X Graphics Card GPU (BRAND NEW),$799.99,Oct-18 14:53,Brand New
GIGABYTE GV-R55XTGAMING OC-4GD Radeon RX 5500 XT PCI-E 4.0 Graphics Card 4GB,$450.00,Oct-18 14:46,Pre-Owned
PROLINK NVIDIA GEFORCE4 MX440 AGP 64MB DDR MVGA-NVG18AM GRAPHICS CARD,$56.28,Oct-18 14:45,Refurbished
NVIDIA GeForce RTX 3070 Ti Founders Edition 8GB GDDR6X Graphics Card,"$1,299.99",Oct-18 14:43,Brand New
GIGABYTE GeForce GTX 1660 6GB GDDR5 Graphics Card (GV-N1660OC-6GD),$505.00,Oct-18 14:43,Open Box
MSI Geforce RTX 3080 VENTUS 3X 10G OC LHR - NVIDIA Video Graphics Card - NEW,"$1,488.88",Oct-18 14:40,Brand New
NVIDIA GeForce RTX 3060 Ti Founders Edition 8GB GDDR6 Graphics Card FAST SHIP üöö,"$1,449.00",Oct-18 14:40,Brand New
EVGA GeForce RTX 3080 XC3 ULTRA GAMING LHR - NVIDIA Video Graphics Card - NEW,"$1,433.33",Oct-18 14:38,Brand New
ZOTAC GeForce RTX 3060 Twin Edge OC 12GB Gaming Graphics Card -Ready to Ship!-,$720.00,Oct-18 14:38,Brand New
NVIDIA GeForce RTX 3090 FE FOUNDERS EDITION 24GB GDDR6X Graphics Card SHIPS FAST,"$2,999.99",Oct-18 14:35,Brand New
NVIDIA GeForce RTX 3090 FE FOUNDERS EDITION 24GB GDDR6X Graphics Card SHIPS FAST,"$2,999.98",Oct-18 14:33,Brand New
NVIDIA GeForce RTX 3070 Ti Founders Edition 8GB GDDR6X Graphics Card NEW IN BOX!,"$1,199.00",Oct-18 14:33,Brand New
EVGA GeForce RTX 3060 Ti XC GAMING 8GB GDDR6 Graphics Card (08G-P5-3663-RX),$799.99,Oct-18 14:33,Pre-Owned
ASUS ROG Strix GeForce RTX 2070 OC edition 8GB GDDR6 Graphics Card (ROG-STRIX-R‚Ä¶,$789.00,Oct-18 14:29,Pre-Owned
msi radeon rx 570 gaming x 4gb graphics card w/ custom backplate.,$300.00,Oct-18 14:28,Pre-Owned
LOT OF 2 XFX RX 570 4GB GRAPHICS CARD,$500.00,Oct-18 14:28,Pre-Owned
AMD Radeon VII 16GB Graphics Card (RXVEGMA) READ DESCRIPTION!!,$900.00,Oct-18 14:27,Parts Only
HIS IceQx2 Graphics card ,$325.00,Oct-18 14:26,Open Box
MSI GeForce RTX 3060 GAMING X TRIO 12GB Graphics Card NON-LHR - FREE 2DAY SHIP‚úàÔ∏è,$869.99,Oct-18 14:25,Brand New
AMD AMD Radeon RX 6800 XT 16GB GDDR6 Graphics Card (RX6800XT16G) - Open Box,"$1,369.00",Oct-18 14:25,Open Box
Matrox m9120 4 monitor  Graphics Video Card PCI Express x16 512Mb M9120-E512LPUF,$60.00,Oct-18 14:21,Refurbished
SEALED EVGA GeForce RTX 3070 Ti FTW3 ULTRA GAMING Graphics Card FREE FEDEX 2DAY!,"$1,250.00",Oct-18 14:20,Brand New
SAPPHIRE VEGA 64 8GB HBM2 Graphics Card,$800.00,Oct-18 14:19,Refurbished
EVGA GeForce RTX 3080 FTW3 ULTRA GAMING 10GB GDDR6X Graphics Card...,"$2,250.00",Oct-18 14:17,Pre-Owned
SAPPHIRE Pulse Radeon RX 550 4GB GDDR5 Graphics Card,$140.00,Oct-18 14:16,Refurbished
SAPPHIRE Pulse Radeon RX 550 2GB GDDR5 Graphics Card,$105.00,Oct-18 14:15,Refurbished
ATI FIREPRO W600 2GB GDDR5 pci 6 MONITOR MINI DP / HDMI VIDEO GRAPHICS CARD,$198.88,Oct-18 14:13,Refurbished
MSI NVIDIA Geforce RTX 3060TI VENTUS3X 8G OC LHR Graphics Card GPU (BRAND NEW),$830.00,Oct-18 14:12,Brand New
NVIDIA TITAN Xp (Pascal) 12GB GDDR5X PCI Express Graphics Card,$680.00,Oct-18 14:09,Pre-Owned
Nvidia e-TNT2 M64 32MB AGP Video Card. 032-A4-NV02-S1. Vintage Gaming Graphics,$20.00,Oct-18 14:09,Pre-Owned
GIGABYTE NVIDIA GeForce GTX 1050 TI 4GB GDDR5 Graphics Card (GVN105TOC4GL),$190.00,Oct-18 14:09,Pre-Owned
ASUS ROG Strix GeForce RTX 3070 V2 8GB Gaming Graphics Card - FREE 2 DAY SHIP ‚úàÔ∏è,"$1,199.99",Oct-18 14:08,Brand New
NEW MSI Armor AMD Radeon RX 580 8GB Gaming Graphics Card GDDR5 2-Day shipping,$559.99,Oct-18 14:08,Brand New
NVIDIA Quadro K620 2GB GDDR3 GPU Graphics Card,$32.00,Oct-18 14:07,Pre-Owned
GIGABYTE AORUS GeForce RTX 3060 Ti ELITE 8GB GDDR6 Graphics Card LHR*NEW IN HAND,$829.00,Oct-18 14:06,Brand New
"HIS r9 390 graphic card, used in flight simulator, in GOOD condition",$300.00,Oct-18 14:04,Pre-Owned
EVGA GeForce RTX 3080 Ti FTW3 ULTRA GAMING 12GB GDDR6X Graphics Card - BRAND NEW,$500.00,Oct-18 14:03,Brand New
üî• NON-LHR EVGA GeForce RTX 3080 XC3 ULTRA 10GB GDDR6X Graphics Card Free Ship,"$2,099.99",Oct-18 14:02,Pre-Owned
New Zotac Amp Holo Holoblack LHR NVIDIA GeForce RTX 3070 8GB Graphics Card 2-Day,"$1,029.99",Oct-18 14:01,Brand New
ZOTAC Gaming GeForce R∆¨X 3090 Trinity OC Graphics Card BINB - FREE 2 DAY SHIP!,"$2,799.99",Oct-18 14:00,Brand New
BNIB EVGA GeForce RTX 3060 XC GAMING 12GB GDDR6 Graphics Card (12G-P5-3657-KR),$695.00,Oct-18 14:00,Brand New
SAPPHIRE Pulse Radeon RX 570 4GB GDDR5 ITX Graphics Card,$250.00,Oct-18 14:00,Refurbished
NEW ASUS ROG STRIX AMD Radeon RX 6600 XT 8GB GDDR6 Gaming Graphics card 2-Day,$709.99,Oct-18 13:58,Brand New
Diamond ATI Radeon 2600XT PCI-E 512MB Gaming Graphics Video Card DVI VGA HDMI,$20.00,Oct-18 13:58,Pre-Owned
Alienware Graphic Amplifier Z01G (no graphics card included),$185.00,Oct-18 13:58,Pre-Owned
ZOTAC GeForce RTX 2070 Super Mini 8GB Graphics card- 2-Day Shipping,$749.99,Oct-18 13:58,Pre-Owned
DELL OEM NVIDIA  RTX 3060 Ti (non-LHR) 8GB GDDR 6 Graphics Card ,"$1,249.00",Oct-18 13:57,Open Box
GIGABYTE AORUS GeForce RTX 3060 Ti Elite 8G LHR Graphics Card - FREE 2 DAY SHIP!,$829.99,Oct-18 13:56,Brand New
EVGA GeForce GTX 980 4GB GDDR5 HDMI DVI PCIe Video Graphics Card 04G-P4-2981-KR,$324.99,Oct-18 13:56,Refurbished
AMD Radeon RX 6700 XT 12GB GDDR6 Graphics Card Brand New - In Hand - Free 2 Ship,$900.00,Oct-18 13:56,Brand New
ASUS NVIDIA GeForce GTX 1660 6GB GDDR5 Graphics Card (PH-GTX1660-O6G),$450.00,Oct-18 13:55,Pre-Owned
SAPPHIRE Pulse Radeon RX 580 4GB GDDR5 Graphics Card,$265.00,Oct-18 13:55,Refurbished
1GB PNY Quadro K600 PCI Express 2.0 x16 Graphic Card VCQK600-PB,$54.41,Oct-18 13:54,Refurbished
GIGABYTE GeForce RTX 2070 8GB GDDR6 Graphics Card (GV-N2070WF2-8GD),$700.00,Oct-18 13:51,Brand New
MSI Radeon RX 6700 XT MECH 2X OC 12GB GDDR6 Graphics Card,$800.00,Oct-18 13:51,Pre-Owned
ZOTAC Gaming GeForce GTX 1660 Super 6GB GDDR6 192-bit Gaming Graphics Card Su...,$894.59,Oct-18 13:50,Brand New
GRAPHICS CARD ATI RAGE XL 8MB PCI VGA SDR,$31.74,Oct-18 13:49,Brand New
TRIDENT BBD5TITA1 TVGA9000C 16-BIT ISA VGA GRAPHICS CARD,$50.50,Oct-18 13:48,Refurbished
nvidia geforce evga gtx 760 gpu graphics card for desktop computer,$100.00,Oct-18 13:48,Pre-Owned
MSI GeForce GTX 1660 SUPER VENTUS XS OC 6GB GDDR6 Graphics Card (V375-279R),$600.00,Oct-18 13:48,Pre-Owned
SAPPHIRE Pulse Radeon RX 570 8GB GDDR5 Graphics Card,$445.00,Oct-18 13:48,Refurbished
Dell AMD FIREPRO V7900 2GB | GDDR5 PCI-Express x16 Graphics Card | CJ9FJ ,$99.95,Oct-18 13:48,Refurbished
ASUS TUF Gaming GeForce RTX 3070 8GB GDDR6 NON-LHR Video Graphics Card GPU,"$1,375.67",Oct-18 13:47,New (Other)
SAPPHIRE Pulse Radeon RX 590 8GB GDDR5 Graphics Card,$495.00,Oct-18 13:45,Refurbished
MSI GeForce RTX 3070 GAMING X TRIO 8GB GDDR6 Graphics Card LHR - FREE 2 DAY SHIP,"$1,199.99",Oct-18 13:43,Brand New
"S3 trio 3d/2x 8Mb graphics card on AGP bus, working condition!!!",$12.00,Oct-18 13:41,Pre-Owned
ATI Radeon R9550 128 Mb 9600 PRO graphics card on AGP bus,$19.00,Oct-18 13:41,Pre-Owned
AMD Radeon RX 550 4gb GPU Graphics Card,$109.00,Oct-18 13:40,Pre-Owned
GIGABYTE NVIDIA GEFORCE RTX 3060 GAMING OC 12GB GDDR6 GRAPHICS CARD FREE SHIP,$824.99,Oct-18 13:40,Pre-Owned
3DFX Voodoo 3 2000 STB 16MB PCI 210-0382-004 VGA Video Graphics Adapter Card Gpu,$147.00,Oct-18 13:35,Pre-Owned
ASUS Dual GeForce RTX 3060 Ti 8GB GDDR6 NON-LHR Video Graphics Card GPU,"$1,294.75",Oct-18 13:33,New (Other)
MSI Radeon RX580 8GB Graphics Card,$450.00,Oct-18 13:30,Pre-Owned
ZOTAC Gaming GeForce RTX3080 Trinity OC LHR 10GB GDDR6X Gaming Graphics Card,"$1,399.00",Oct-18 13:28,Brand New
PowerColor AMD Radeon RX 6600 XT Hellhound 8GB GDDR6 Graphics Card FREE SHIP,$634.99,Oct-18 13:27,Brand New
MSI GeForce GTX 1060 6GB GDDR5 Graphics Card GPU Used Good Condition No Mining,$340.00,Oct-18 13:27,Pre-Owned
"EZDIY-FAB GPU Bracket ,Graphics Card Brace Support,Video Card Holder,GPU Holder",$11.77,Oct-18 13:26,Brand New
NEW/SEALED EVGA GeForce RTX 3080 Ti FTW3 ULTRA GAMING 12GB GDDR6X Graphics Card,"$1,820.00",Oct-18 13:26,Brand New
MSI GeForce RTX 2070 Super Ventus OC 8GB GDDR6 Graphics Card,$720.00,Oct-18 13:26,Pre-Owned
"upHere 5V 3-pin Addressable RGB Graphics Card GPU Brace Support Holder,Support..",$20.16,Oct-18 13:25,Brand New
ASUS TUF Gaming GeForce GTX 1650 OC Edition 4GB GDDR6 Graphics Card - FREE 2 DAY,$349.99,Oct-18 13:23,Brand New
NVIDIA QUADRO P4000 8GB GDDR5 x4 DP Video Graphics Card PCIe 3.0 x 16,$900.00,Oct-18 13:23,Refurbished
NVIDIA MSI GeForce RTX 3060 Ti GAMING X 8G LHR Graphics Card - FREE 2 DAY SHIP!,$829.99,Oct-18 13:23,Brand New
EVGA GeForce RTX 3080 FTW3 ULTRA GAMING 10GB GDDR6X Graphics Card - Black...,"$1,600.00",Oct-18 13:23,Brand New
MSI G2060GZ6 GeForce RTX 2060 GAMING Z Graphics Card,$595.00,Oct-18 13:22,Pre-Owned
ASUS KO NVIDIA GeForce RTX 3060 Ti V2 OC Edition 8GB Graphics Card LHR Brand New,$826.00,Oct-18 13:22,Brand New
Sapphire Radeon HD 6970 2GB GDDR5 PCI-E 2.1 Dual-Fan Graphics Card,$59.99,Oct-18 13:20,Pre-Owned
EVGA GeForce RTX 3080 Ti XC3 GAMING 12GB GDDR6X Graphics Card - FREE 2 DAY SHIP!,"$1,799.99",Oct-18 13:20,Brand New
AMD Radeon VII 7 16GB Graphics Card,$499.99,Oct-18 13:19,Parts Only
MSI NVIDIA GeForce RTX 3080 Ti - 12GB GDDR6X Graphics Card,"$1,900.00",Oct-18 13:18,Open Box
AMD Radeon HD 7970 3GB GDDR5 Graphics Card + Original Bos,$120.00,Oct-18 13:18,Pre-Owned
HP | 671137-001 | Nvidia Quadro 4000 | 2GB Dual Display Port Graphics Card,$47.00,Oct-18 13:17,Refurbished
ASUS ROG STRIX RX 6700 xt OC edition. Amazing graphic card. MINT CONDITION!!¬†,"$1,099.00",Oct-18 13:13,Pre-Owned
NVIDIA GeForce RTX 3090 FE FOUNDERS EDITION 24GB GDDR6X Graphics Card SHIPS FAST,"$2,850.00",Oct-18 13:09,Brand New
NVIDIA QUADRO K2000 2GB GDDR5 PCI EXPRESS 2.0 X16 GRAPHICS VIDEO CARD T12-B11,$50.00,Oct-18 13:09,Pre-Owned
HP | 713381-001 | Quadro K4000 3GB 1x DVI 2x DP PCI-E x16 Graphics Card ,$179.00,Oct-18 13:08,Refurbished
EVGA NVIDIA GeForce RTX 3060 XC 12GB GDDR6 Graphics Card *FREE SHIPPING*,$750.00,Oct-18 13:07,Brand New
EVGA NVIDIA GeForce RTX 2060 6GB GDDR6 Dual HDB Fan Graphics Card 06G-P4-2068-RX,$584.99,Oct-18 13:07,Pre-Owned
PNY Nvidia GeForce GT 1030 2GB GDDR4 PCIe Desktop Gaming Graphics Video Card GPU,$120.00,Oct-18 13:05,Open Box
ASUS ROG-STRIX-RTX2070S-A8G-GAMING RTX 2070 Super 8GB Graphics Card,$825.00,Oct-18 13:01,Pre-Owned
HP AMD FirePro W5100 4GB GDDR5 PCA Firepro W5100 4GB Video Graphics Card GPU,$129.99,Oct-18 13:00,Refurbished
SAPPHIRE Pulse Radeon RX 570 4GB GDDR5 Graphics Card,$250.00,Oct-18 13:00,Refurbished
EVGA GeForce RTX 3070 XC3 ULTRA GAMING Graphics Card 08G-P5-3755-KL 8GB ARGB LED,$989.99,Oct-18 12:59,Brand New
Gigabyte Aorus GTX 1080 Ti 11GB Graphics Card,$750.00,Oct-18 12:56,Pre-Owned
Dell Nvidia Quadro K4000 D5R4G 4K Graphics Card 3GB GDDR5 0D5R4G,$84.99,Oct-18 12:53,Pre-Owned
XFX AMD Radeon RX 580 GTS XXX Edition 4GB VRAM Graphics Card (RX-580P427D6),$280.00,Oct-18 12:51,Pre-Owned
XFX AMD RX 570 RS Black Edition 8GB GDDR5 GPU Graphics Card (RX-570P8D),$400.00,Oct-18 12:47,Pre-Owned
NVIDIA GEFORCE GTX 1080TI 1080 TI Founders Edition FE 11GB GDDR5X Graphics Card ,$725.00,Oct-18 12:46,Pre-Owned
GIGABYTE GeForce RTX 3080 Ti EAGLE 12GB GDDR6X Graphics Card,"$1,850.00",Oct-18 12:45,Brand New
NVIDIA GeForce RTX 3080 Founders Edition 10GB GDDR6X Graphics Card,"$1,969.42",Oct-18 12:44,Pre-Owned
ASUS NVIDIA GeForce RTX 2060 DUAL FAN OC 6GB GDDR6 Graphics Card - Very Good,$561.99,Oct-18 12:44,Pre-Owned
ZOTAC GAMING GeForce RTX 3070 Twin Edge OC 8GB Graphics Card **Non-LHR**,"$1,399.98",Oct-18 12:41,Brand New
GIGABYTE Radeon RX 6600 XT EAGLE 8G GDDR6 Graphics Card - Black - NEW,$637.99,Oct-18 12:38,Brand New
MSI GeForce RTX 3060 Ti Ventus LHR 3X OC 8GB Graphics Card - FREE 2 DAY SHIP ‚úàÔ∏è,$929.99,Oct-18 12:37,Brand New
ASUS Dual Radeon RX 6600 XT 8GB Graphics Card - IN HAND - FREE 2DAY SHIPPING ‚úàÔ∏è,$629.99,Oct-18 12:35,Brand New
ASUS Phoenix NVIDIA GeForce RTX 3060 V2 12GB Graphics Card Free Shipping,$700.00,Oct-18 12:35,Brand New
PowerColor AMD Radeon RX 6600 XT Hellhound 8GB GDDR6 Graphics Card,$629.00,Oct-18 12:35,Brand New
üî• ZOTAC GAMING GEFORCE RTX 3060 Twin Edge OC 12GB GDDR6 Graphics Card üî•,$699.00,Oct-18 12:34,Brand New
LOCAL ONLY USED MSI RTX 3080 Suprim X NON LHR Gaming Graphics Card,"$1,950.00",Oct-18 12:34,Pre-Owned
PNY GeForce GTX 1650 4GB Graphics Card DDR6 PCIE GEN 3 X4,$265.00,Oct-18 12:31,Pre-Owned
Nvidia Geforce3 ti200 64MB AGP graphics card,$49.95,Oct-18 12:30,Pre-Owned
ATI FIREMV 2260 Dell 7CJHP 256MB 2DP PCIe Video Graphics Card Adapter,$17.49,Oct-18 12:30,Pre-Owned
SAPPHIRE Pulse Radeon RX 580 8GB GDDR5 Graphics Card PARTS!,$400.00,Oct-18 12:30,Parts Only
Dell Nvidia Quadro P2000 5GB GDDR5 Graphics Card 87CG5 4x Display Port,$369.99,Oct-18 12:28,Pre-Owned
"Gigabyte RTX 3080 Turbo Graphics Card, Double Wide Slots, Rev 1.0, NON-LHR","$2,150.00",Oct-18 12:28,Brand New
NEW NVIDIA GeForce RTX 3070 Ti Founders Edition Graphics Card Free Shipping,"$1,149.99",Oct-18 12:28,Brand New
ASUS ROG Strix GeForce RTX 3090 OC 24GB GDDR6X Graphics Card ,"$2,700.00",Oct-18 12:26,Pre-Owned
AMD Radeon Graphic PCI-Express Card 109-C09057-00 with Short Bracket,$24.99,Oct-18 12:26,Pre-Owned
RX 480 Sapphire Nitro Graphics Card w/bykski water blocks,$970.00,Oct-18 12:25,Pre-Owned
ATI Radeon 9200 256MB VTK 182494 PC Graphics Card,$75.00,Oct-18 12:24,Pre-Owned
AMD Radeon Graphic PCI-Express Card 109-C09091-00 with Long Bracket,$24.99,Oct-18 12:24,Pre-Owned
ATI Radeon HD 4550 512MB PCI-Express Graphics Card 102B8890300,$22.99,Oct-18 12:21,Pre-Owned
EVGA GeForce RTX 3060 XC GAMING 12GB GDDR6 Graphics Card (12G-P5-3657-KR)NON-LHR,$755.00,Oct-18 12:20,Brand New
EVGA GeForce RTX 3070 XC3 Ultra Gaming 8GB LHR Graphics Card 08G-P5-3755-KH NEW,"$1,000.00",Oct-18 12:20,Brand New
EVGA GeForce RTX 3080 Ti FTW3 ULTRA GAMING 12GB GDDR6X Graphics Card SHIPS ASAP,"$1,899.88",Oct-18 12:19,Brand New
P106-90 GeForce GTX 1060 3GB GDDR5 Mining Graphics Card (PH-GTX1060-3G),$250.00,Oct-18 12:18,Pre-Owned
SAPPHIRE Pulse Radeon RX 580 8GB Graphics Card ( FOR PARTS- READ DESCRIPTION),$220.00,Oct-18 12:17,Parts Only
Dell Alienware NVIDIA GTX 1080 Ti 11GB GDDR5X Graphics Video Card Two and Bridge,"$1,350.00",Oct-18 12:16,Pre-Owned
ATI RAGE Theater SD32M R128P AGP 109-78200-00 16MB Video graphics card board,$30.00,Oct-18 12:15,Pre-Owned
EVGA GeForce RTX 3080 Ti FTW3 ULTRA GAMING 12GB GDDR6X Graphics Card,"$1,900.00",Oct-18 12:13,Brand New
SAPPHIRE PULSE AMD Radeon RX 6600 XT GDDR6 8GB Graphics Card,$634.00,Oct-18 12:13,Brand New
NEW IN BOX ‚úÖ MSI GEFORCE RTX 3060 GAMING X TWIN 12GB GDDR6 ‚ö° GRAPHICS CARD GPU,$743.99,Oct-18 12:12,Brand New
NVIDIA GeForce RTX 3080 Ti Founders Edition FE 12GB Graphics Card - New & Sealed,"$2,200.00",Oct-18 12:12,Brand New
NVIDIA GeForce RTX 3070 Ti Founders Edition 8GB GDDR6X Graphics Card,"$1,199.99",Oct-18 12:09,Brand New
Dell OEM ATi Radeon HD5450 1GB GDDR3 Graphics Card IVA01 Full-Height KP8GM ,$16.99,Oct-18 12:09,Pre-Owned
"EVGA GeForce RTX 3080 Ti FTW3 Ultra Gaming,12GB GDDR6X Graphics Card (Ships now)","$1,900.00",Oct-18 12:08,Brand New
ASUS GT610-SL-1GD3-L Nvidia GeForce 1GB - DDR3 Graphics Card with Bracket,$42.99,Oct-18 12:08,Pre-Owned
Nvidia Quadro K4000 3GB GDDR5 PCI-E 2.0 x16 Video Graphics Card GPU ,$89.99,Oct-18 12:08,Pre-Owned
Dell Alienware 17 R1 Nvidia Geforce GTX860M 2GB MXM Video Graphics Card J0M0K,$110.00,Oct-18 12:04,Pre-Owned
AMD Radeon Pro WX 7100 Graphics Card - 8 GB,$790.94,Oct-18 12:04,Brand New
EVGA GeForce GTX 970 4GB GDDR5 Graphics Card (04GP42978KR),$180.00,Oct-18 12:02,Pre-Owned
Diamond AMD Radeon HD 6450 PCIE 1GB GDDR3 Video graphic card Ôøº(6450PE31G),$32.97,Oct-18 12:01,Open Box
nVidia Quadro FX 1500 FX1500 256MB PCI-E x16 Video Graphics Card,$39.00,Oct-18 12:01,Pre-Owned
AMD ATI Radeon 512MB Graphics Card Unit / GPU HD6350 0HFKYC,$43.71,Oct-18 12:01,Pre-Owned
AMD VFX 5450 Internal Graphics Card Unit / GPU 1GBK3-HV10E,$48.30,Oct-18 12:01,Pre-Owned
Original Genuine 4Mb Fastware VC963CVGA Vintage Graphics / Video Card,$55.17,Oct-18 12:01,Pre-Owned
Graphic Card Extra 580 8gb,$385.00,Oct-18 12:00,Pre-Owned
PNY Nvidia GeForce FX5200 256MB DDR PCI GPU graphics video adapter card,$35.00,Oct-18 11:55,Pre-Owned
ASUS ROG Strix Radeon RX 6600 XT 8GB GDDR6 Graphics Card,$674.99,Oct-18 11:55,Brand New
MSI GeForce RTX 3080 Ventus 3X 10G OC 10GB GDDR6X Nvidia Graphics Video Card,"$1,689.99",Oct-18 11:53,Brand New
MSI NVIDIA GeForce GTX 1070 Aero OC 8GB graphics Card,$450.00,Oct-18 11:51,Pre-Owned
GIGABYTE Radeon RX 580 8GB GDDR5 Graphics Card (GVRX580GAMING8GD),$500.00,Oct-18 11:50,Pre-Owned
XFX Radeon RX 580 GTR ED LED XXX edition 8GB GDDR5 graphics card,$559.00,Oct-18 11:50,Pre-Owned
Dell Nvidia GeForce 8800GT 512MB GDDR3 Graphics Card 0CP187,$39.95,Oct-18 11:48,Pre-Owned
MSI RTX 3080 VENTUS 3X 10G OC LHR Gaming 10GB GDRR6X 320-Bit Graphics Card,"$1,475.00",Oct-18 11:47,Brand New
Dell NVIDIA Quadro 4000 2GB DDR5 Graphics Video Card 731Y3,$49.95,Oct-18 11:45,Pre-Owned
MSI GeForce GTX 1050 2G OC Video Graphics Card 2GB GDDR5,$150.00,Oct-18 11:45,Pre-Owned
New Sealed EVGA GeForce RTX 3070 XC3 8GB GDDR6 Graphic Card 08G-P5-3755-KL,$999.00,Oct-18 11:44,Brand New
Pegatron D10M1BB3H Nvidia GT310DP 512 MB DVI PCI-Express LP Graphics Card,$42.99,Oct-18 11:42,Pre-Owned
ZOTAC GeForce GTX 1060 Mini Graphics Card - Black (ZT-P10600A-10L),$315.00,Oct-18 11:40,Pre-Owned
EVGA GeForce RTX 3060 XC GAMING 12GB GDDR6 Graphics Card BRAND NEW SEALED,$758.00,Oct-18 11:40,Brand New
HP | Nvidia Quadro NVS 295 | 641462-001 | SFF DP Graphics Video Card,$26.99,Oct-18 11:38,Refurbished
ASRock Phantom Gaming Radeon RX570 4G Graphic Card,$260.00,Oct-18 11:38,Pre-Owned
SAPPHIRE Radeon NITRO+ RX 5700 XT 8GB GDDR6 Graphics Card (11293-03-40G),"$1,100.00",Oct-18 11:29,Brand New
MSI GeForce RTX 3090 GAMING X TRIO 24GB GDDR6X Graphics Card,"$2,625.00",Oct-18 11:29,Pre-Owned
HP | NVIDIA Quadro K2000 | 671136-001 | 1GB GDDR5 Graphics Card,$59.00,Oct-18 11:29,Refurbished
ASUS TUF 3080 OC 10G GDRR6X Graphics Card TUF-3080-O10G-V2-GAMING NEW,"$1,649.99",Oct-18 11:29,Brand New
MSI AMD Radeon RX 5700 XT 8GB GDDR6 RX5700XT-8G - VR Ready Graphics Card,"$1,061.99",Oct-18 11:26,Pre-Owned
HP | NVIDIA Quadro 400 |  645557-001 | 512MB Graphics Card,$19.99,Oct-18 11:25,Refurbished
NVIDIA GeForce RTX 3080 Ti Founders Edition 12GB GDDR6X Graphics Card,"$1,750.00",Oct-18 11:25,Open Box
NVIDIA Quadro 4000 2GB GDDR5 256BIT Graphics Card ,$39.99,Oct-18 11:23,Pre-Owned
VisionTek ATI X1800XT 512MB GDDR3 PCIe Graphics Card 900075,$89.99,Oct-18 11:21,Brand New
NVIDIA GeForce RTX 3060 Ti Founders Edition FE 8GB GDDR6 Graphics Card NON-LHR,"$1,350.00",Oct-18 11:19,Brand New
Vintage Tseng Micro-Labs Ultimate VGA 1MB ISA Video Graphics Card UV2,$200.00,Oct-18 11:19,Refurbished
Sapphire NITRO AMD RX 590 8GB GDDR5  PCIe 3.0 x16 Special Edition Graphics Cards,$475.00,Oct-18 11:19,Pre-Owned
PNY GeForce GTX970 4096M GDDR5 PCIE 4GB VCGGTX9704XPB Graphics Card HDMI,$249.99,Oct-18 11:18,Pre-Owned
EVGA GeForce 7600GT 256MB DDR3 PCI Express Video Graphics Card 256-P2-N550-FX,$19.99,Oct-18 11:18,Pre-Owned
EVGA GeForce 7600GT KO 256MB DDR3 PCI Express Video Graphics Card 256-P2-N554-BX,$19.99,Oct-18 11:18,Pre-Owned
ZOTAC GAMING GeForce RTX 3090 Trinity 24GB GDDR6X Graphics Card,"$2,550.00",Oct-18 11:18,Pre-Owned
HP NVIDIA Quadro K600 1GB PCI Express 2.0 x16 Graphics Video Card 713379-001,$18.99,Oct-18 11:18,Pre-Owned
Sapphire Radeon HD 4680 512m GDDR3 PCI-E HDMI / DVI-I / VGA Graphics Card,$49.99,Oct-18 11:18,Pre-Owned
HP | Nvidia Quadro 600 | 671135-001 | 1GB GDDR3 Graphics Card,$49.00,Oct-18 11:17,Refurbished
MSI Gaming GeForce GTX 1070 8GB GDDR5 Graphics Card,$150.00,Oct-18 11:14,Parts Only
 [BRAND NEW] PowerColor AMD Radeon RX 6600 XT Hellhound 8GB GDDR6 Graphics Card,$623.99,Oct-18 11:14,Brand New
üî•MSI Gaming X GeForce RTX 3060 Ti LHR 8GB GDRR6 Graphics Card NEW! FAST 2DAYüî•,$848.88,Oct-18 11:13,Brand New
Dell NVIDIA Quadro M4000 8GB GDDR5 PCIe 3.0 x16 Graphics Card YR7H5 w/ bracket,$274.95,Oct-18 11:13,Pre-Owned
ATI 1090011540 16-BIT ISA Video Graphics Card 1021151342 38800 Ultra VGA,$200.00,Oct-18 11:13,Refurbished
HP | Nvidia NVS 310 | 707252-001 | GDDR3 Graphics Card,$19.99,Oct-18 11:11,Refurbished
Nvidia Quadro Dell YR7H5 M4000 8GB GDDR5 Graphics Card GPU 0YR7H5,$249.99,Oct-18 11:07,Pre-Owned
üî•üå∏Brand New! Gigabyte RTX 3070 Aorus Master 8GB GDDR6 Graphics Card LHR Rev 2,"$1,098.88",Oct-18 11:06,Brand New
AMD FirePro V5900 2GB Dual DisplayPort / DVI PCI-e Graphics Card 7120997000G,$56.61,Oct-18 11:05,Pre-Owned
Nvidia GeForce GTX 760 Ti 2GB GDDR5 Graphics Card 03GDMM,$109.99,Oct-18 11:04,Pre-Owned
ASRock Radeon RX 5600 XT Phantom 6GB GDDR6 Graphics Card,$700.00,Oct-18 11:03,Pre-Owned
Gigabyte GeForce GTX 1080 8GB Graphics Card,$550.00,Oct-18 11:03,Pre-Owned
XFX NVIDIA GeForce 8800GT Alpha Dog Edition (Rare Graphics Card),$49.95,Oct-18 11:03,Pre-Owned
EVGA GeForce RTX 3080 Ti FTW3 ULTRA GAMING 12GB Graphics Card - SHIPS TODAY!,"$1,899.95",Oct-18 11:02,Brand New
NVIDIA GeForce RTX 3080 Ti Founders Edition FE 12GB GDDR6X Graphics Card In Hand,"$1,815.00",Oct-18 11:02,Brand New
Nvidia GeForce 8800 GT 512MB GDDR3 Graphics Card,$49.99,Oct-18 10:59,Pre-Owned
ZOTAC GAMING GeForce RTX 3080 Ti Trinity OC 12GB GDDR6X Graphics Card,"$1,800.00",Oct-18 10:59,Pre-Owned
ASRock Phantom Gaming D Radeon RX580 OC 8GB GDDR5 Graphic Card,$425.00,Oct-18 10:56,Pre-Owned
Matrox Millennium II 2 MIL2P/8N 8mb REV.A PCI Video Card Graphics 703-00-A,$75.00,Oct-18 10:56,Pre-Owned
GIGABYTE AORUS GeForce RTX 3090 WATERFORCE XTREME WB 24G Graphics Card üî•üî•,"$2,838.00",Oct-18 10:56,Brand New
Asus ATI Radeon HD4850 1GB Dual DVI HDCP PCI-Express Graphics Video Card,$119.99,Oct-18 10:54,Pre-Owned
Barco ATI FirePro MXRT 7300 1GB GDDR5 Graphics Card,$49.99,Oct-18 10:53,Pre-Owned
MSI GeForce RTX 3060 Ti LHR VENTUS 2X OC 8GB GDDR6 Graphics Card,$779.99,Oct-18 10:52,Brand New
"ZOTAC Gaming GeForce GTX 1660 6GB GDDR5 Gaming Graphics Card, Super Compact",$620.00,Oct-18 10:51,Brand New
PowerColor Red Dragon Radeon RX 5700 XT 8GB GDDR6 Graphics Card (AXRX 5700 XT...,"$1,000.00",Oct-18 10:48,Pre-Owned
New MSI NVIDIA GeForce RTX 3060 Gaming VENTUS 3X 12G OC Graphics Card 192-BitGPU,$740.00,Oct-18 10:47,Open Box
Gigabyte GeForce RTX 3080 Gaming OC 10G REV 2.0 LHR 10GB GDDR6X Graphics Card,"$1,499.99",Oct-18 10:46,Brand New
Ensoniq GB1000 1998 3D Banshee 9909 AGP Video Graphics card 4001046701 A TESTED,$75.00,Oct-18 10:44,Refurbished
"ASUS TUF Gaming AMD Radeon RX 6700 XT OC Edition Graphics Card AMD RDNA 2, Pcie ","$1,680.00",Oct-18 10:42,Brand New
XFX AMD Radeon RX 5700 XT 8GB GDDR6 Graphics Card ,$994.99,Oct-18 10:41,Pre-Owned
ZOTAC GAMING GeForce GTX 1660 Twin Fan 6GB Graphics Cards (ZT-T16600F-10L) PARTS,$300.00,Oct-18 10:41,Parts Only
MSI GeForce 3070 Ti VENTUS 3X OC 8GB GDDR6X Graphics Card,"$1,135.00",Oct-18 10:31,Brand New
SAPPHIRE AMD RX 580 8GB GDDR5 Graphics Card (52031-01-40R) BARELY USED,$465.00,Oct-18 10:31,Pre-Owned
ASUS NVIDIA GeForce GTX 1060 3GB GDDR5 Graphics Card (DUALGTX1060O3G),$275.00,Oct-18 10:30,Pre-Owned
MSI Radeon RX 570 8GB GDDR5 Graphics Card (RADEON RX570 ARMOR8G),$485.53,Oct-18 10:29,Pre-Owned
NVIDIA Quadro NVS-285 Graphics Card PCI-E DVI Full Profile,$7.00,Oct-18 10:29,Pre-Owned
MSI R6670-MD2GD3 - Graphics card - Radeon HD 6670 - 2 GB DDR3 - PCI Express,$79.99,Oct-18 10:29,Pre-Owned
PowerColor Hellhound AMD Radeon RX 6600 XT Gaming Graphics Card 8GB GDDR6 NEW!,$625.00,Oct-18 10:24,Brand New
FirePro Graphics W600 2GB GDDR5 SDRAM PCI Express Graphic Card miniDP,$179.99,Oct-18 10:23,Pre-Owned
MSI GeForce GT 710 2GB DDR3 Graphics Card (GT 710 2GD3 LP),$45.00,Oct-18 10:23,Pre-Owned
PowerColor AMD Radeon RX 580 8GB GDDR5 Graphics Card FOR PARTS! ,$350.00,Oct-18 10:23,Parts Only
Gigabyte NVIDIA GeForce RTX 3090 Gaming OC 24 GB Graphics Card | Non-LHR,"$2,799.99",Oct-18 10:22,Brand New
ASUS GeForce GTX 980 Ti STRIX 6GB Graphics Card,$350.00,Oct-18 10:20,Pre-Owned
NVIDIA Quadro K5000 4GB GDDR5 PCIe 2.0 x16 Dual Slot Graphics Card CFTKF,$132.99,Oct-18 10:19,Pre-Owned
MSI Geforce RTX 3080 Ventus¬†3X PLUS 10G OC LHR 10GB GDDR6X Graphics Card,"$1,549.00",Oct-18 10:18,Brand New
256MB AGP NVIDIA GeForce 6200 DVI S-Video & VGA Graphics Video Card,$39.99,Oct-18 10:17,Open Box
"EVGA GeForce RTX 2060 KO ULTRA GAMING¬†6GB GDDR6 Graphics Card, 06G-P4-2068-RX",$584.99,Oct-18 10:14,Pre-Owned
NVIDIA PNY Technologies¬†GeForce GT 240 1024MB GDDR3 GPU Graphics Card PCIe 16X ,$39.99,Oct-18 10:13,Brand New
Dell OEM Nvidia GeForce RTX 3060 TI 8GB GDDR6 Graphics Card Non-LHR GA104-200,"$1,249.99",Oct-18 10:12,Open Box
NVIDIA GTX 1080 MXM 3.0b Graphic Card 8GB DDR5X,$500.00,Oct-18 10:12,Pre-Owned
Nvidia Quadro NVS 510 2GB GDDR5 4x Mini Display Port PCIe Video Graphics Card ,$36.42,Oct-18 10:11,Pre-Owned
PowerColor Radeon RX 590 8GB GDDR5 Graphics Card FOR PARTS!,$350.00,Oct-18 10:10,Parts Only
EVGA GeForce GTX 1080 Ti 11GB GDDR5X Graphics Card (11GP46598KR),$700.00,Oct-18 10:09,Pre-Owned
EVGA Nvidia GeForce 9500 GT 1GB DDR2 Graphics Card 01G-P3-N958-LR,$29.99,Oct-18 10:07,Pre-Owned
EVGA NVIDIA GeForce GTX 650 Ti BOOST 2GB GDDR5 Graphics Card,$89.99,Oct-18 10:06,Pre-Owned
NVIDIA Quadro K620 2GB GDDR3 Graphics Card,$35.00,Oct-18 10:06,Pre-Owned
GIGABYTE GeForce GTX 1660 6GB GDDR5 Graphics Card (GV-N1660OC-6GD),$600.00,Oct-18 10:05,Pre-Owned
MSI NVIDIA GeForce RTX 3070 Ti 8GB GDDR6 Graphics Card (RTX3070TiGAMINGXTRIO8G),"$1,170.00",Oct-18 10:05,Brand New
DELL 43DKN AMD FIREPRO S9150 16GB DDR5 SDRAM PCI Express 3.0 GRAPHICS CARD.,$749.99,Oct-18 10:04,Pre-Owned
MSI AMD Radeon RX 480 4GB GDDR5 Graphics Card,$220.00,Oct-18 10:04,Open Box
XFX AMD Radeon RX 5700 XT 8GB GDDR6 Graphics Card (RX57XT8OFFR),"$1,000.00",Oct-18 10:04,Refurbished
Nvidia Quadro M2000 4GB GDDR5 4-Port PCI-E Video Graphics Card,$159.99,Oct-18 10:03,Refurbished
Gainward ~ GF2 MX-400 64MB ~ APG Video Graphics Card ,$39.00,Oct-18 10:02,Pre-Owned
"NVIDIA ~ GeForce  2MX 64MB AGP ~ Video Graphics Card VGA, S-Video",$39.00,Oct-18 10:01,Pre-Owned
VisionTek  -  VT QC  - AGP Video Graphics Card  - Two VGA Out,$27.35,Oct-18 10:01,Pre-Owned
GIGABYTE AMD Radeon RX 480 4GB GDDR5 Graphics Card (GVRX480G1GAMING4GD),$220.00,Oct-18 10:00,Open Box
XFX AMD Radeon R5 220 2GB DDR3 HDMI DVI VGA PCIE Video Graphics Card R5-220A-2Q,$27.95,Oct-18 10:00,Pre-Owned
ASUS Rog STRIX NVIDIA GeForce RTX 3060 OC Edition Gaming Graphics Card 12GB,$928.95,Oct-18 10:00,Brand New
ASUS TUF GAMING GeForce RTX 3060 OC 12GB GDDR6 Graphics Card  Brand new SEALED!,$900.00,Oct-18 09:58,Brand New
MSI Radeon RX Vega 64 Air Boost 8G OC Graphics Card,$725.00,Oct-18 09:56,Open Box
Brand New - ASUS ROG Strix GeForce RTX 3080 OC V2 10GB GDDR6X Graphics Card LHR,"$1,649.00",Oct-18 09:55,Brand New
Brand New - ASUS TUF NVIDIA GeForce RTX 3060 TI 8GB GDDR6 Graphics Card LHR,$800.00,Oct-18 09:55,Brand New
gaming pc Asus Mother Board Nvida 1050 Graphics Card Comes With Whole Set Up,$400.00,Oct-18 09:51,Pre-Owned
MSI NVIDIA GeForce RTX 3060 Ti Ventus 3X LHR 8GB Graphics Card üî•SHIPS FASTüî•,$899.95,Oct-18 09:50,Brand New
MSI GeForce GTX 1050 2GB LP GC GDDR5 Graphics Card PC Gaming GPU GTX1050-2GT-LP,$179.99,Oct-18 09:49,Pre-Owned
Gigabyte GeForce RTX 2070 Gaming OC Graphics Card,$820.00,Oct-18 09:49,Pre-Owned
nVIDIA Gigabyte GEForce GT710 1GB DDR5 Video Graphics Card DVI HDMI gaming pc,$69.49,Oct-18 09:48,Open Box
*NVIDIA GeForce GTX 960 2GB DDR5 Graphics Card,$249.99,Oct-18 09:48,Open Box
ASUS NVIDIA GeForce GTX 570 1.25Gb (1280MB) GDDR5 DCUII Graphics Card ENGTX570,$80.88,Oct-18 09:48,Pre-Owned
EVGA GeForce RTX 3070 XC3 ULTRA GAMING 8GB GDDR6 Graphics Card LHR,"$1,029.99",Oct-18 09:45,Brand New
ASUS TUF GeForce GTX 1660 6GB GDDR6 SUPER OC Graphics Card üöóREADY TO SHIPüöó,$594.99,Oct-18 09:44,Brand New
HP | NVIDIA QUADRO P620 | L21968-001 | 2GB PCIe Graphics Card ,$169.00,Oct-18 09:43,Refurbished
128MB ASUS V9520 MAGIC/T GeForce FX5200 AGP DVI VGA TV Graphics Video Card,$46.01,Oct-18 09:40,Pre-Owned
EVGA Nvidia GeForce 9400GT 1GB GDDR2 Video Graphics Card 01G-P3-N945-LR,$19.99,Oct-18 09:39,Pre-Owned
ASUS NVIDIA GeForce GTX 1660 6GB GDDR5 Graphics Card (PH-GTX1660-O6G),$499.99,Oct-18 09:38,Brand New
  NVIDIA TESLA K20   ACCELERATOR Video Graphics Card,$279.99,Oct-18 09:38,Pre-Owned
üî•‚úÖNew AMD 6700xt 12GB Graphics Card GPU Reference Gaming Mining Fast Shipüî•‚úÖ,$875.00,Oct-18 09:34,Brand New
üî•‚úÖNew AMD 6800xt 16GB Graphics Card GPU Reference Gaming Mining Fast Shipüî•‚úÖ,"$1,445.00",Oct-18 09:33,Brand New
HGA Hercules TAMARACK TD3088A 2 8 bit ISA graphics card XT / AT,$59.00,Oct-18 09:33,Pre-Owned
ZOTAC NVIDIA GeForce GTX 1080 Ti 11GB Graphics Card (ZTP10810D10P),$700.00,Oct-18 09:33,Pre-Owned
MSI GeForce GTX 1060 6GB GDDR5 Graphics Card (GTX1060GAMINGX6G),$400.00,Oct-18 09:33,Pre-Owned
DELL ATI RADEON X-300 CN-0P5288-69861-49T-0F31 VIDEO GRAPHICS CARD,$13.80,Oct-18 09:31,Pre-Owned
SAPPHIRE Nitro Radeon RX 580 8GB Graphics Card - WORKING - READ DESCRIPTION,$375.00,Oct-18 09:24,Parts Only
MSI Twin Frozr III R7850 2GB Graphics Card,$64.99,Oct-18 09:24,Pre-Owned
nvidia quadro k4000 video card CAD graphics card used,$95.00,Oct-18 09:23,Pre-Owned
Powercolor Hellhound AMD Radeon RX 6700 XT Gaming Graphics Card with 12GB GDDR6 ,"$1,468.01",Oct-18 09:21,Brand New
MSi Geforce Gtx 1660 Super Gaming X 6gb Graphics Card Video Nvidia RGB | NEW üî•,$699.00,Oct-18 09:21,Brand New
ASUS GeForce GTX 1060 6GB GDDR5 Graphics Card (DUAL-GTX1060-O6G) PARTS,$300.00,Oct-18 09:21,Parts Only
GIGABYTE AORUS GeForce RTX 3060 Ti ELITE 8GB GDDR6 Graphics Card!,$900.00,Oct-18 09:19,Brand New
ASUS Dual GeForce GTX 1060 3GB GDDR5 Graphics Card (DUAL-GTX1060-O3G),$300.00,Oct-18 09:16,Pre-Owned
EVGA GeForce RTX 3080 FTW3 ULTRA Video Card 10GB GDDR6X Graphics  10G-P5-3897-KR,"$2,150.00",Oct-18 09:13,Pre-Owned
XFX RX 5600 XT THICC II PRO-14GBPS 6GB Graphics Card (RX-56XT6Ôºâ,$650.00,Oct-18 09:12,Pre-Owned
NVIDIA GeForce 8800 GTX 768 MB GDDR3 2*DVI S-Video Graphics Card DCV-00187-N4-GP,$40.99,Oct-18 09:10,Refurbished
NVIDIA Quadro FX 4500 X2 Graphics Card w/ Quad Dual-Link DVI. Tested,$225.00,Oct-18 09:06,Pre-Owned
ASUS AMD Radeon R7 240 2GB GDDR3 Graphics Card R7240-2GD3-L | GPU836 - EB709,$42.99,Oct-18 09:04,Pre-Owned
MSI GeForce RTX 3080 Ti GAMING X TRIO 12GB GDDR6X Graphics Card,"$2,250.00",Oct-18 09:02,Open Box
ZOTAC Gaming GeForce GTX 1660 Gaming Graphics Card ZT-T16600K-10M,$429.99,Oct-18 08:57,Open Box
Nvidia Quadro K4200 0J4F85 Graphics Card DVI 2*Display Port,$150.00,Oct-18 08:55,Pre-Owned
NEW SEALED PowerColor AMD Radeon RX 6600 XT Red Devil 8GB GDDR6 Graphics Card,$620.00,Oct-18 08:52,Brand New
PowerColor AMD Radeon RX 6600 XT Hellhound 8GB GDDR6 Graphics Card ,$630.00,Oct-18 08:52,Pre-Owned
ZOTAC GAMING GeForce RTX 3090 Trinity OC 24GB Graphics Card - SHIPS NOWüööüí®,"$2,749.99",Oct-18 08:51,Brand New
MSI AMD Radeon RX 5700 MECH Graphics Card 8GB GDDR6 912-V381-005,$849.99,Oct-18 08:51,Pre-Owned
MSI  NVIDIA GeForce GTX 1080 Ti 11GB GDDR5X Graphics Card (GTX 1080 TI AERO 11G,$750.00,Oct-18 08:49,Pre-Owned
üî•üî•üî•MSI GeForce RTX 3080 GAMING TRIO 10GB GDDR6X Graphics Card (LHR) Sealed,"$1,550.00",Oct-18 08:48,Brand New
üî•üî•üî•MSI GeForce RTX 3060 Ti Gaming X 8 GB GDDR6 Graphics Card (LHR) - SEALED! ,$835.00,Oct-18 08:47,Brand New
ZOTAC GAMING GeForce GTX 1660 Graphics Card GPU (ZT-T16600K-10M),$429.99,Oct-18 08:47,Pre-Owned
üî•üî•üî•üî•MSI NVIDIA GeForce RTX 3060 Ti VENTUS 3X OC LHR 8G GDRR6 Graphics Card,$835.00,Oct-18 08:46,Brand New
EVGA GeForce RTX 3090 FTW3 ULTRA 24GB GDDR6X Graphics Card - FREE SHIPPING üööüí®,"$3,000.00",Oct-18 08:44,Brand New
ATI Radeon HD 5450 1GB PCI-E Graphics Card,$39.99,Oct-18 08:36,Pre-Owned
ATI 3D Rage Pro Turbo 8MB AGP Graphics Card- 109-49800-11,$59.99,Oct-18 08:35,Pre-Owned
Jaton 3D Force Mx4000 Twin 64MB DDR AGP Graphics Card- 3DFMX4000Twin,$19.99,Oct-18 08:33,Pre-Owned
Asus Riva TNT2 16MB Graphics Card- AGP-V3800/16M/PUR,$49.99,Oct-18 08:32,Pre-Owned
MSI HD6450 1GB DDR3 Low Profile PCI-EXpress R6450-MD1GD3/LP Graphic Card     ,$25.00,Oct-18 08:31,Open Box
ATI 3D Rage II 2MB PCI Graphics Card- 109-38200-00,$49.99,Oct-18 08:31,Pre-Owned
EVGA GeForce GTX 980 GAMING 4GB GDDR5 Graphics Card - Founders Edition,$300.00,Oct-18 08:31,Pre-Owned
MSI GeForce RTX 3070 Ti VENTUS 3X 8G OC GDDR6 Graphics Card,"$1,544.99",Oct-18 08:30,Brand New
AMD Radeon HD 7470 1GB GDDR3 PCI-E Graphics Card,$39.99,Oct-18 08:29,Pre-Owned
XFX GeForce 7200GS 512MB DDR2 PCI-E Graphics Card- PV-T72S-WAN,$79.99,Oct-18 08:29,Pre-Owned
Gigabyte GeForce 8400 GS 512MB GDDR2 PCI-E Graphics Card- GV-N84S-512I,$99.99,Oct-18 08:28,Pre-Owned
MSI Radeon RX5500XT GAMING X 8G Graphics Card,$499.99,Oct-18 08:27,Pre-Owned
Asus GeForce 8400 GS 512MB PCI-E Graphics Card- EN8400GS,$49.99,Oct-18 08:26,Pre-Owned
Jaton GeForce 9500 GT 1GB PCI-E Graphics Card- Video-PX9500GT-DVI,$139.99,Oct-18 08:26,Pre-Owned
EVGA GeForce RTX 3080 Ti FTW3 ULTRA GAMING 12GB GDDR6X Graphics Card - BRAND NEW,$500.00,Oct-18 08:24,Brand New
EVGA GeForce RTX 3070 XC3 8GB GDDR6 Graphics Card  *BRAND NEW SEALED* *IN HAND*,"$1,199.00",Oct-18 08:23,Brand New
üî•‚úÖGigabyte GeForce RTX 3090 Gaming OC 24GB Graphic Card FREE SHIP üî•,"$2,849.97",Oct-18 08:19,Brand New
Zotac Nvidia Geforce GTX 1070 AMP Edition 8GB GPU Video Graphics Card GPU-21,$439.95,Oct-18 08:12,Pre-Owned
Radeon HD 6950 Powercolor Graphics card,$85.00,Oct-18 08:12,Pre-Owned
ZOTAC Gaming NVIDIA GeForce RTX 2060 6GB GPU Video Graphics Card GPU-12,$599.95,Oct-18 08:11,Pre-Owned
PowerColor AMD Radeon RX 5700 XT 8GB GDDR6 Graphics Card (AXRX 5700 XT,$999.00,Oct-18 08:11,Open Box
EVGA Nvidia GeForce GTX 560 01G-P3-1463-KR 2GB GDDR5 Graphics Card,$49.99,Oct-18 08:08,Pre-Owned
MSI | R7 240 2GD3 LP | AMD Radeon R7 200 Series PCI Express DDR3 Graphics Card ,$58.00,Oct-18 08:03,Refurbished
ATI Radeon X1900 XT PCIE 512M Video Graphics Card 102A5202752,$29.93,Oct-18 08:03,Pre-Owned
GIGABYTE GeForce RTX 3060 Ti GAMING OC PRO 8GB GDDR6 Graphics Card LHR REV 3.0,$829.99,Oct-18 08:00,Brand New
NVIDIA GeForce RTX 3060 Ti Founders Edition 8GB GDDR6 Graphics Card,"$1,349.00",Oct-18 08:00,Pre-Owned
HP | Nvidia Quadro K620 | 765147-001 | 2GB DDR3 Video Graphics Card ,$39.99,Oct-18 07:58,Refurbished
üî•NVIDIA EVGA GeForce RTX 3070 XC3 ULTRA GAMING LHR Graphics Card 08G-P5-3755-KL,"$1,279.00",Oct-18 07:56,Brand New
ASUS ROG Strix GeForce RTX 3070 Ti OC 8GB GDDR6X Graphics Card ‚úàÔ∏è IN HAND,"$1,359.00",Oct-18 07:50,Brand New
ATI Radeon HD 5770 C016 1GB GDDR5 PCIex16 Graphics Card 71205840H0G 102C0160200,$56.25,Oct-18 07:49,Pre-Owned
NVIDIA GeForce GTX 1080 Founder's Edition 8GB GDDR5 Video Graphics Card,$900.00,Oct-18 07:45,Pre-Owned
üî•PowerColor Red Devil AMD Radeon RX 6600 XT Gaming Graphics Card 8GB | NEW,$879.00,Oct-18 07:45,Brand New
MSI GeForce RTX 3080 Ti GAMING X TRIO 12GB GDDR6X Graphics Card,"$2,149.00",Oct-18 07:41,Brand New
PowerColor AMD Radeon RX 550 Red Dragon Graphics Card 4GB,$141.00,Oct-18 07:35,Pre-Owned
üî• PowerColor AMD Radeon RX 6600 Hellhound 8GB GDDR6 Graphics Card | NEW ,$779.00,Oct-18 07:35,Brand New
HP | 759938-001 | NVIDIA GeForce GTX 745 4gb Graphics Card,$52.00,Oct-18 07:33,Refurbished
MSI GeForce RTX 3060 12 GB Gaming X Trio Nvidia Graphics Card Ships Today,$749.99,Oct-18 07:30,Brand New
Gigabyte GeForce RTX 3060 Ti Vision OC 8G REV2.0 Graphics Card LHR 8GB GDDR6,$849.99,Oct-18 07:26,Brand New
üî•AMD Radeon RX 6700 XT 12GB GDDR6 Graphics Card | NEW SHIPS TODAY ‚úà,"$1,079.00",Oct-18 07:25,Brand New
HP | Nvidia Quadro NVS 295 | 641462-001 | DP Graphics Video Card,$26.99,Oct-18 07:24,Refurbished
XFX RX 5600 XT RAW II PRO 6GB GDDR6 PCI Express 4.0 Graphics Card,$700.00,Oct-18 07:23,Pre-Owned
 HP | NVS 290 | 458707-002 | P558 256MB SFF PCIE x1 Dual Monitor Graphics Card,$34.99,Oct-18 07:20,Refurbished
MSI NVIDIA Geforce RTX 3080 GAMING Z TRIO 10G LHR Graphic Card 912-V389-099 New,"$1,519.99",Oct-18 07:20,Brand New
Dell FM351 Radeon HD2400XT 256MB PCIe Video Graphics Card *Free Shipping*,$9.50,Oct-18 07:14,Refurbished
ASUS Dual Radeon RX 5700 XT EVO OC Edition 8GB DDR6 Graphics Card ,$950.00,Oct-18 07:14,Pre-Owned
Gigabyte GTX 760 GDDR5-2GB Graphics Cards GV-N760O-2GD -Tested ,$94.99,Oct-18 07:12,Pre-Owned
Dell Nvidia Quadro 2000 1GB GDDR5 PCIex16 Graphics Card 02PNXF,$24.00,Oct-18 07:08,Pre-Owned
Apple Mac Pro Ati Radeon 2600XT 256MB PCIe graphics card,$54.95,Oct-18 07:07,Pre-Owned
AMD Radeon Pro WX 4100 4GB 128-bit GDDR5 PCIe 3.0 x16 Graphics Video Card ,$199.00,Oct-18 07:04,Pre-Owned
NVIDIA GeForce RTX 3080 Ti Founders Edition 12GB GDDR6X Graphics Card,"$1,899.00",Oct-18 06:56,Brand New
Nvidia EVGA e-GeForce 6200 PCI DDR 256MB AGP 8X Graphics video card ,$28.00,Oct-18 06:55,Pre-Owned
"Gigabyte NVIDIA GeForce RTX 3090 24 GB Graphics Card, NON LHR, FedEX 2 Day Ship","$2,750.00",Oct-18 06:55,Open Box
MSI NVIDIA Geforce RTX 3060 TI GAMING X 8G LHR Graphic Card 912-V397-231 New,$839.99,Oct-18 06:53,Brand New
ASUS ROG Strix GeForce RTX 3080 OC V2 10GB GDDR6X Graphics Card NEW,"$1,679.99",Oct-18 06:51,Brand New
 Nvidia Quadro FX 580  Graphics Card  0R784K,$10.00,Oct-18 06:51,Pre-Owned
MSI NVIDIA Geforce RTX 3060 Ventus 2X 12GB GDDR6 Graphics Card 912-V397-229 New,$799.99,Oct-18 06:51,Brand New
Nvidia Quadro 4000 2GB PCIe graphics card,$44.95,Oct-18 06:51,Pre-Owned
Dell ATI Radeon 0UJ973 Video Card X1300 Pro PCIe Graphics 256MB VGA DVI TV-Out 1,$9.99,Oct-18 06:43,Pre-Owned
NVIDIA Quadro K2200 4GB GDDR5 Graphics Card,$130.00,Oct-18 06:43,Pre-Owned
NVIDIA Quadro 0WX397  Graphics Card ,$10.00,Oct-18 06:33,Pre-Owned
EVGA GeForce RTX 3060 Ti XC GAMING 8GB GDDR6 Graphics Card (08G-P5-3663-KL),$949.00,Oct-18 06:30,Brand New
Visiontek AMD Radeon HD 7950 3GB GDDR5 PCI-E HDMI DVI miniDP Video Graphics Card,$159.00,Oct-18 06:28,Pre-Owned
Sapphire Pulse Radeon RX 580 8GB GDDR5 Graphics Card Excellent!!!,$500.00,Oct-18 06:26,Pre-Owned
EVGA GeForce RTX 3080 FTW3 ULTRA GAMING 10GB GDDR6X Graphics Card BRAND NEW !!!,"$1,800.00",Oct-18 06:20,Brand New
EVGA GTX Ti FTW 2GB GDDR5 Video Graphics Card GPU 02G-P4-3757-KR,$124.99,Oct-18 06:12,Pre-Owned
MSI AMD RADEON RX VEGA 64 8GB 8G AIR BOOST Graphics Card USED F/S JP,"$1,099.99",Oct-18 06:11,Pre-Owned
GIGABYTE AORUS GeForce RTX 3060 Ti Elite 8G REV2 LHR Graphics Card NEW FREE SHIP,$830.00,Oct-18 06:10,Brand New
EVGA NVIDIA GeForce GTX 960 4GB GDDR5 Graphics Card for parts not working,$75.00,Oct-18 06:02,Parts Only
POWER COLOR Radeon RX 580 8GB GDDR5 AXRX 580 8GBD5-3DH/OC GRAPHICS CARD,$600.00,Oct-18 05:38,Open Box
XFX Radeon HD 5870 PCIe X16 2.0 256-Bit Graphics Card | 1GB GDDR5 1200MHz,$99.99,Oct-18 05:36,Pre-Owned
EVGA Geforce GTX 770 SC GRAPHIC CARD TESTED,$150.00,Oct-18 05:35,Pre-Owned
ASUS GeForce GTX 1660 Super Overclocked 6GB Graphics card PH-GTX1660S-06G NVIDIA,$688.98,Oct-18 05:27,Pre-Owned
GPU Graphic card NVidia GeForce GTX 1050 Ti,$300.00,Oct-18 05:25,Brand New
EVGA GeForce RTX 3080 FTW3 ULTRA GAMING 10GB GDDR6X Graphics Card -LHR,"$2,406.99",Oct-18 05:15,Brand New
GIGABYTE AMD Radeon RX 6600 XT EAGLE 8GB GDDR6 Graphics Card BRAND NEW GPU,$665.00,Oct-18 05:05,Brand New
ASUS TUF GeForce RTX 3060 Ti OC 8GB GDDR6 Graphics Card LHR,$800.00,Oct-18 05:00,Brand New
EVGA GeForce FX 5200 128MB DDR 64-Bit PCI Video Graphics Card 128-P1-N309-DX,$10.00,Oct-18 04:36,Pre-Owned
EVGA GeForce GTX 580 3GB GDDR5 Graphics Card 03G-P3-1584-AR,$80.00,Oct-18 04:23,Pre-Owned
32mb ATI Rage 128 Pro VGA Graphics Card Unit / GPU,$51.77,Oct-18 04:22,Pre-Owned
GIGABYTE GeForce RTX 3060 Ti EAGLE OC 8G (rev. 2.0) 8GB GDDR6 Graphics Card,$850.00,Oct-18 04:16,Open Box
GIGABYTE GeForce GTX 1060 3GB GDDR5 Graphics Card (GVN1060WF2OC3GD),$109.95,Oct-18 04:07,Parts Only
Diamond Multimedia RV6P ATI Radeon 7000 64MB PCI Video Graphics Card DVI VGA RCA,$39.99,Oct-18 03:58,Pre-Owned
Dell AMD Radeon R7 200 Series 1GB GDDR3 Graphics Card GPU 109-c55257-01_02,$14.99,Oct-18 03:51,Pre-Owned
Matrox Dual VGA Monitor AGP Video Graphics Card 971-0301 G45+MDHA 16D/0E6 Fr Shp,$19.99,Oct-18 03:43,Pre-Owned
MSI Geforce GTX 970 gaming 4g 100ME GPU VRAM Graphics Card PC Gaming Used,$279.75,Oct-18 03:42,Pre-Owned
Nvidia 7300LE 64MB Video Card MS-V056 PCI-E DVI S-Video VGA Graphics Card Tested,$6.00,Oct-18 03:31,Pre-Owned
AMD Radeon RX 5700 OEM Blower Style 8GB GDDR6 GPU Graphics Card,$999.99,Oct-18 03:21,Pre-Owned
Genko-oriented RD-RX6600-E8GB / DF AMD RADEON RX 6600 Graphic Card Graphic Board,$962.57,Oct-18 03:17,Pre-Owned
NVIDIA GEFORCE GTX 970 4GB Graphic Board Video Card Gravo Junk PC PC,$261.80,Oct-18 03:17,Pre-Owned
Palit GeForce GTX 960 2GB Graphic Board Video Card,$206.47,Oct-18 03:17,Pre-Owned
Operation Confirmed MSI RADEON RX 470 4G Graphic Board Video Card PCI Express,$342.26,Oct-18 03:17,Pre-Owned
MSI GeForce GTX 1660 super gaming graphics card PCI-E x16 NVLink without VR corr,"$1,808.00",Oct-18 02:59,Brand New
 Geforce 210 1024 MB DDR3 PCI-Express 2.0 Graphics Card MD1G/D3 ,$81.43,Oct-18 02:51,Brand New
" Radeon RX 550 4GB GDDR5 4K Monitor Graphics Card, Radeon 4X HDMI Outputs",$385.07,Oct-18 02:51,Brand New
XFX Thicc III Ultra AMD Radeon RX 5700 XT 8GB GDDR6 Graphics Card - RX57XT8TBD8,"$1,400.00",Oct-18 02:38,Pre-Owned
EVGA GeForce RTX 3080 Ti FTW3 ULTRA HYBRID GAMING 12GB GDDR6X Graphics Card ,"$1,950.00",Oct-18 01:50,Brand New
Asus GeForce RTX 3070 KO OC Gaming Graphics Card Brand New Non LHR,"$1,500.00",Oct-18 01:45,Brand New
XFX NVIDIA GeForce GTX 260 GPU Graphics Video Card,$39.95,Oct-18 01:43,Pre-Owned
EVGA Nvidia GEFORCE GTX 750 Ti graphics card HDMI DVI 2GB GDDR5 021G-P4-3753-KR ,$99.95,Oct-18 01:21,Pre-Owned
EVGA Nvidia GEFORCE GT730 graphics card HDMI DVI 2GB 01G-P3-2731-KR,$49.99,Oct-18 01:18,Pre-Owned
ASUS Dual AMD Radeon RX 6600 XT OC Edition 8GB GDDR6 Gaming Graphics Card ,$655.00,Oct-18 01:09,Brand New
" AMD Radeon RX 6900 XT Graphics Card, Excellent condition","$1,599.00",Oct-18 01:02,Open Box
"Apple Mac Pro EVGA GTX 680 SC 2GB Graphic Card,AppleBoot Mojave,Catalina",$175.00,Oct-18 01:00,Pre-Owned
EVGA GeForce RTX 3060 Ti XC GAMING 8GB GDDR6 Graphics Card (08G-P5-3663-KL),$849.99,Oct-18 01:00,Brand New
Zotac GT630 4GB Synergy Edition Dual DVI Mini HDMI Graphics Video Card,$49.99,Oct-18 00:55,Pre-Owned
"Spdif Cable 2 Pin Motherboard An Graphic Card for Sound Audio Over HDMI, Out",$15.07,Oct-18 00:55,Brand New
ZOTAC GAMING GeForce RTX 2070 SUPER Twin Fan GDDR6 Graphics Card - 8GB,"$1,000.00",Oct-18 00:49,Pre-Owned
ELSA WINNER II -A32 GRAPHICS CARD AGP 32MB DDR,$142.95,Oct-18 00:33,Brand New
Galaxy NVIDIA GeForce GTX 670 PCI-E 2GB DDR5 256 Bit Video Graphics Card Gaming,$99.95,Oct-18 00:06,Pre-Owned
Asus 950 GTX Graphics Card Unplugged Edition. 2GBS GDDR Memory. Dual-slot.,$125.00,Oct-17 23:51,Pre-Owned
Lot of 6 AMD Radeon C369 Video Graphics Card DVI Display Port PCI-e,$60.00,Oct-17 23:49,Pre-Owned
MSI Radeon RX 5700 XT GAMING X GDDR6 Graphics Card - 8GB,"$1,099.00",Oct-17 23:43,Open Box
"Ô£ø Nvidia GTX 1080 Apple Mac Pro High End Upgrade Graphics Card Boot Screen 5,1",$887.23,Oct-17 23:42,Refurbished
EVGA GeForce RTX 3090 FTW3 graphics card box,$55.00,Oct-17 23:26,Parts Only
GIGABYTE GeForce GTX 1050 2GB Graphics Card,$200.00,Oct-17 23:20,Pre-Owned
NVIDIA GeForce RTX 3060 Ti Founders Edition 8GB GDDR6 Graphics Card (New/Sealed),"$1,399.99",Oct-17 23:15,Brand New
MSI GeForce RTX 3070 Gaming Z Trio LHR 8GB - NVIDIA Video Graphics Card - NEW,"$1,029.99",Oct-17 23:09,Brand New
Gigabyte GV-R795WF3-3GD | AMD Radeon HD 7950 3GB GDDR5 PCIE Graphic Card,$145.95,Oct-17 22:59,Refurbished
EVGA GeForce RTX 2070 SUPER XC ULTRA GAMING 08G-P4-3173-RX B Stock Graphics Card,$874.99,Oct-17 22:54,Refurbished
NVIDIA GeForce RTX 3070 (Founders Edition)  8GB GDDR6 Graphics Card Non-LHR,"$1,400.00",Oct-17 22:54,Pre-Owned
EVGA GeForce GTX 560 SC 2GB DDR5 PCI-E Graphics Card,$20.00,Oct-17 22:53,Parts Only
NVIDIA GeForce RTX 3070 Ti Founders Edition 8GB GDDR6X Graphics Card,"$1,189.00",Oct-17 22:46,Brand New
ZOTAC NVIDIA GeForce GTX 1080 Ti 11GB Graphics Card (ZTP10810D10P),$700.00,Oct-17 22:45,Pre-Owned
Gigabyte GV-N75TOC-2GI 2 GB GDDR5 GTX 750 Graphics card¬†PCI Express Low Profile ,$29.99,Oct-17 22:41,Parts Only
ZOTAC NVIDIA GeForce GTX 1070 Ti 8GB GDDR5 Graphics Card ,$525.00,Oct-17 22:41,Pre-Owned
ASUS GeForce GTX 1070 Ti 8GB Turbo Graphics Card MINOR CORROSION,$425.00,Oct-17 22:28,Pre-Owned
PNY GeForce 7900GS DDR3 256MB PCIE graphics card video tested,$40.00,Oct-17 22:24,Pre-Owned
ASUS ROG Strix GeForce RTX 3080 White OC Edition 10GB GDDR6X Graphics Card V2,"$2,049.99",Oct-17 22:19,Open Box
Real Magic Graphics Card VM47A-1121-0697 VM47A11210697,$50.00,Oct-17 22:06,Pre-Owned
ATI RAGE 128 PRO AGP 32MB DDR 109-63200-01 VGA GRAPHICS CARD,$56.31,Oct-17 22:05,Refurbished
NVIDIA TNT2 BRD-05-E15 AGP 32MB DDR GRAPHICS CARD,$56.31,Oct-17 22:05,Refurbished
MSI MS-V047 VER:1.0 5188-4289 109-A67631-10 Graphics Card / GPU,$43.74,Oct-17 22:05,Pre-Owned
GIGABYTE AORUS GeForce RTX 3090 XTREME 24GB GDDR6X Graphics Card,"$3,508.70",Oct-17 22:03,Open Box
FAKE NVIDIA GeForce GTX 980 PCI Express GRAPHICS CARD (Maybe NVIDIA GTS 450?),$19.99,Oct-17 22:02,Parts Only
ASUS GTX 1070 8GB GDDR5 Graphics Card STRIX-GTX1070-O8G-GAMING,$525.00,Oct-17 22:01,Pre-Owned
Dell NVIDIA Quadro FX 4800 (1G28H) 1.5GB DDR3 SDRAM PCI Express Graphic Card,$25.00,Oct-17 21:54,Refurbished
MSI NVIDIA GeForce 8400 GS N8400GS-MD1GD3H/LP 1GB DDR3 Graphics Card,$21.25,Oct-17 21:54,Pre-Owned
 Dell NVIDIA GeForce GTX 1080 8 GB GDDR5X Graphics Card OEM 0XHY8P Excellent Con,$600.00,Oct-17 21:34,Pre-Owned
üéÅMSI GAMING X TRIO NVIDIA GeForce RTX 3060 12 GB Graphics Card SHIP NOWüéÅ‚ÄºÔ∏è,$799.99,Oct-17 21:30,Brand New
Nvidia Quadro P400 2GB GDDR5 PCIe 3.0 Graphics Card,$78.00,Oct-17 21:29,Open Box
DELL NVIDIA QUADRO M4000 8GB (GDDR5) GRAPHICS CARD (0YR7H5) + (2) DP CABLES,$308.00,Oct-17 21:22,Pre-Owned
ASUS ROG Strix NVIDIA GeForce RTX 3060 Ti V2 OC Edition Gaming Graphics Card,$944.99,Oct-17 21:21,Brand New
MSI GeForce GTX 1660 Super Ventus XS OC 6GB GDDR6 Graphics Card,$600.00,Oct-17 21:21,Pre-Owned
XFX THICC II Radeon RX 5600 XT Graphics Card (RX-56XT6D),$639.00,Oct-17 21:20,Pre-Owned
"GIGABYTE RX 6600 XT EAGLE 8G Graphics Card, WINDFORCE 3X **IN HAND**NEW**",$729.00,Oct-17 21:15,Brand New
256MB Zotac 6200 64Bit DVI VGA VID-Out Graphics Video Card Unit / PSU,$63.23,Oct-17 21:11,Pre-Owned
üî•MSI GeForce RTX 3060 Ti Gaming X 8G LHR Graphics Cardüî•üöÄFast ShippingüöÄ,$829.99,Oct-17 21:02,Brand New
Brand New sealed ‚ÄÜlNVIDIA GeForce RTX 3080 Founders Edition Graphics Card,"$2,249.00",Oct-17 21:00,Brand New
Nvidia Titan Xp Graphics Card 12GB,$800.00,Oct-17 21:00,Pre-Owned
ASUS AMD Radeon RX580 8GB GDDR5 Graphics Card (DUAL-RX580-O8G),$475.00,Oct-17 20:50,Pre-Owned
MSI GeForce GTX 1050 Ti 4GB GDDR5 Graphics Card (GTX1050TI4GTOC),$245.00,Oct-17 20:49,Pre-Owned
Nvidia GeForce GTX 980 4GB GPU VRAM Graphics Card PC Gaming - Lightly Used,$280.00,Oct-17 20:48,Pre-Owned
AMD Radeon RX 570 4GB HDMI Gaming Graphics Card,$230.00,Oct-17 20:43,Pre-Owned
EVGA GeForce GTX 960 4GB FTW ACX 2.0+ Graphics Card (04GP43969KR),$150.00,Oct-17 20:43,Pre-Owned
 XFX Speedster MERC 308 AMD Radeon RX 6600 XT Black Graphics Card SAME DAY SHIP,$615.00,Oct-17 20:39,Brand New
‚úÖZOTAC GAMING GeForce RTX 3060 Twin Edge OC 12GB Graphics Card üööFREE SHIPPING!,$695.00,Oct-17 20:38,Brand New
RTX 3060 TI ‚Äî MSI GeForce GAMING X Graphics Card ‚Äî LHR,"$1,040.00",Oct-17 20:31,Open Box
MSI RTX 3070 Ti Ventus 3x Graphics Card - In Hand - New - Overnight Available!,"$1,199.00",Oct-17 20:29,Brand New
NEW UNOPENED GIGABYTE GeForce RTX 3070 Ti GAMING OC 8GB GDDR6X Graphics Card,"$1,199.00",Oct-17 20:21,Brand New
ASUS NVIDIA GeForce GTX 770 2GB GDDR5 Graphics Card Tested ,$154.00,Oct-17 20:21,Open Box
ASUS TUF Gaming AMD Radeon RX 6900 XT OC Edition 16GB GDDR6 Graphics Card - NEW,"$1,899.99",Oct-17 20:19,Open Box
GIGABYTE - NVIDIA GeForce RTX 3060 GAMING OC 12GB GDDR6 Graphics Card - BNIB,$739.99,Oct-17 20:16,Brand New
GIGABYTE GeForce RTX 3080 GAMING OC WATERFORCE WB 10G (rev2.0) Graphics Card,"$1,450.00",Oct-17 20:15,Brand New
AMD Radeon C246 ATI-102-C24602(B) Graphics Card,$21.40,Oct-17 20:07,Pre-Owned
 AMD FirePro 3D Graphics V4800 1GB GDDR5 2X Display Port 1X DVI Port Video Card,$39.00,Oct-17 20:06,Pre-Owned
AMD RADEON R5 340X C870 2GB DDR3 PCI EXPRESS GRAPHICS CARD ,$35.00,Oct-17 20:05,Pre-Owned
ASUS GeForce GTX 1070 Ti 8GB Turbo Graphics Card HEAVY CORROSION,$375.00,Oct-17 20:03,Pre-Owned
AGP nVidia GeForce 4 MX440  64MB VGA TV-Out Low Profile SFF Video  Graphics Card,$7.99,Oct-17 20:00,Pre-Owned
ASUS GeForce GTX 1070 Ti 8GB Turbo Graphics Card MINOR CORROSION,$425.00,Oct-17 19:57,Pre-Owned
EVGA GeForce GTX 1060 6GB GDDR5 Graphics Card (06GP46262KR),$400.00,Oct-17 19:57,Pre-Owned
MSI GTX 1660 Super Gaming X 6GB GDDR6 Graphics Card,$549.00,Oct-17 19:55,Pre-Owned
ASUS GeForce GTX 1070 Ti 8GB Turbo Graphics Card MINOR CORROSION,$425.00,Oct-17 19:54,Pre-Owned
EVGA NVIDIA GeForce RTX 3070Ti FTW3 Ultra 8GB GDDR6X Graphics Card (NEW+SEALED),"$1,300.00",Oct-17 19:52,Brand New
MSI GeForce GTX 1650 D6 GAMING X 4GB GDDR6 Graphics Card,$329.99,Oct-17 19:51,Pre-Owned
XFX AMD Radeon RX 570 8GB GDDR5 Graphics Card (RX570P8DFD6),$400.00,Oct-17 19:46,Pre-Owned
NVIDIA GeForce RTX 3080 Ti Founders Edition FE 12GB GDDR6X Graphics Card In Hand,"$1,839.99",Oct-17 19:41,Brand New
MSI GeForce 4GB (GTX 1050 TI GAMING X 4G) Graphics Card Mining ready as well!,$300.00,Oct-17 19:34,Open Box
AMD Radeon Pro WX 2100 Workstation Graphics Card P/N: Q1P47A New in Box,$120.00,Oct-17 19:33,Brand New
128MB XpertVision XNA-52000-T016-PM8331 FX5200 AGP VGA / VidOut Graphics Card,$50.63,Oct-17 19:32,Pre-Owned
XFX AMD Radeon RX 580 8GB GDDR5 Graphics Video Card BBY SI 8GB,$599.99,Oct-17 19:26,Open Box
EVGA GeForce RTX 2060 SC Ultra Gaming 6GB GDDR6 PCI Express 3.0 Graphics Card,$900.00,Oct-17 19:25,Pre-Owned
AMD Radeon PRO WX3100 4GB GDDR5 128-bit PCIe 3.0 Video Graphics Card - Used,$150.00,Oct-17 19:22,Pre-Owned
NVIDIA GeForce RTX 3080 FE Founders Edition 10GB Graphics Card **IN HAND**‚úÖ,"$2,349.00",Oct-17 19:20,Brand New
*SHIPS TODAY* MSI - NVIDIA Geforce RTX 3080 Ventus 10GB GDDR6X Graphics Card,"$1,699.00",Oct-17 19:18,Brand New
Afterburner MSI Graphics Card preformance booster  DISC,$3.91,Oct-17 19:15,Pre-Owned
AMD Radeon RX 6800 16GB GDDR6 Graphics Card Brand New! - Sealed Fast Shipüí®üî•,"$1,350.00",Oct-17 19:15,Brand New
AMD Radeon RX 6800 XT 16GB GDDR6 Graphics Card - NEW SEALED - READY TO SHIP üöÄ,"$1,450.00",Oct-17 19:12,Brand New
ASUS Dual NVIDIA GeForce RTX 3060 Ti V2 OC Edition Gaming Graphics Card,$815.00,Oct-17 19:05,Brand New
[NEW] Gigabyte GeForce RTX 3070 Gaming OC 8GB GDDR6 rev. 2.0 (LHR) Graphics Card,"$1,314.14",Oct-17 19:04,Brand New
NVIDIA GeForce RTX 3080 Founders Edition 10GB Graphics Card ‚û°Ô∏èBrand New,"$2,350.00",Oct-17 19:04,Brand New
MSI Radeon RX 5500 XT MECH OC GDDR6 Graphics Card - 8GB,$549.00,Oct-17 19:00,Open Box
PowerColor Hellhound AMD Radeon RX 6600 XT Graphics Card SEALED *Ready to Ship*,$649.99,Oct-17 18:59,Brand New
Dell Alienware NVIDIA Geforce RTX 3080 10GB GDDR6X Video Graphics Card *NO LHR*,"$1,699.00",Oct-17 18:57,Open Box
Apple ATI Radeon X1900 XT 512 MB GDDR3 PCIE x16 Graphics Card,$40.00,Oct-17 18:56,Pre-Owned
"Dell 98KC7 GeForce GT 620 PCIe 1GB GDDR3 graphics card, HDMI VGA DVI tested",$30.00,Oct-17 18:55,Pre-Owned
GIGABYTE GeForce GTX 1660 SUPER OC GDDR6 Graphics Card - 6GB,$499.99,Oct-17 18:55,Pre-Owned
Nvidia Quadro Quad NVS290 256MB 400MHZ Graphics Video Card HP 454319-001 ,$19.14,Oct-17 18:53,Pre-Owned
ASUS Phoenix GeForce GTX 1660 Ti OC 6GB GDDR6 Graphics Card (90YV0CT0-M0AA00),$489.99,Oct-17 18:52,Pre-Owned
NVIDIA GeForce RTX 3070 Ti Founders Edition 8GB GDDR6X Graphics Card,"$1,125.00",Oct-17 18:52,Brand New
MSI GeForce GTX 1660 Ti VENTUS XS OC Graphics Card (G1660TVXS6C),$509.99,Oct-17 18:51,Pre-Owned
XFX AMD Radeon RX 550 4GB GDDR5 Core Edition Graphics Card,$250.00,Oct-17 18:51,Pre-Owned
MSI GeForce RTX 3090 GAMING X TRIO 24GB GDDR6X Graphics Card üî•SHIPS FASTüî•,"$3,099.95",Oct-17 18:45,Brand New
MSI GeForce GTX 1660 VENTUS XS 6G OC 6GB GDDR5 1830MHz Graphic Card,$450.00,Oct-17 18:43,Pre-Owned
üî•‚úÖGigabyte GeForce RTX 3090 Gaming OC 24GB Graphic Card FREE SHIP NON-LHR üî•,"$2,899.98",Oct-17 18:41,Brand New
Dell GeForce GTX 1060 6GB GDDR5 Graphics Card (2FNM3),$340.00,Oct-17 18:40,Pre-Owned
 ZOTAC Geforce RTX 3070TI AMP HOLO 8GB GDDR6X Graphics Card - 2DAY SHIPPINGüî•,"$1,299.95",Oct-17 18:39,Brand New
"EVGA GeForce GTX 1080 Ti GAMING, 11G-P4-5390-KR, 11GB GDDR5X Graphics Card GPU",$682.50,Oct-17 18:35,Pre-Owned
MSI Radeon Armor RX 580 GPU Gaming Graphics Card RX580--Pristine cond!,$389.00,Oct-17 18:35,Pre-Owned
[Brand New Sealed] 2021 AMD Radeon RX 6900 XT Graphics Card 16GB GDDR6,"$1,699.99",Oct-17 18:34,Brand New
GIGABYTE AORUS GeForce RTX 3070 MASTER 8‚ÄéGB GDDR6 Graphics Card,"$1,099.99",Oct-17 18:33,Brand New
MSI GeForce RTX 3060 Ti VENTUS 2X 8G OCV1 LHR 8GB Graphics Card üî•SHIPS FASTüî•,$869.95,Oct-17 18:33,Brand New
"ASUS ROG Strix NVIDIA GeForce RTX 3060 Ti V2, 8GB GDDR6 Gaming Graphics Card",$949.00,Oct-17 18:32,Brand New
256MB HP 508286-003 641462-001 nVidia Quadro NVS 295 Graphics Video Card P685,$48.75,Oct-17 18:27,Pre-Owned
Powercolor Radeon RX550 Rx 550 2gb gddr5 video graphics card,$109.00,Oct-17 18:26,Pre-Owned
NVIDIA Titan RTX  24GB GDDR6 Video Graphics Card (900-1G150-2500-000) ,"$3,299.99",Oct-17 18:24,Pre-Owned
ASUS Dual NVIDIA GeForce RTX 3060 Ti V2 OC Edition Graphics Card üî•SHIPS FASTüî•,$879.95,Oct-17 18:22,Brand New
AMD RADEON ATI B170 256MB PCIE LOW PROFILE VIDEO GRAPHICS CARD ATI-102-B17002,$18.22,Oct-17 18:21,Pre-Owned
DELL NVIDIA QUADRO NVS 295 0X175K / X175K GRAPHICS VIDEO CARD GDDR3 256 MB PCIE,$24.22,Oct-17 18:21,Pre-Owned
GIGABYTE Radeon RX 6600 XT GAMING OC PRO 8G Graphics Card (GV-R66XTGAMINGOC...,$700.00,Oct-17 18:21,Brand New
DELL 0GGMPW NVIDIA QUADRO 2000 1GB GRAPHICS VIDEO CARD GDDR5 128-bit 62W DVI VGA,$29.22,Oct-17 18:21,Pre-Owned
*NEW* ASUS NVIDIA GeForce GTX 1660 6GB GDDR5 Graphics Card (PH-GTX1660-O6G),$499.00,Oct-17 18:18,Brand New
MSI GeForce RTX 3060 Ti Gaming X 8G LHR Graphics Card BRAND NEW FREE SHIPPING,$829.00,Oct-17 18:14,Brand New
NVIDIA GeForce GTX 1070 Founders Edition 8GB GDDR5 Graphics Card - (900-1G411-2‚Ä¶,$480.00,Oct-17 18:11,Pre-Owned
SAPPHIRE PULSE RADEON RX 550 2GB GDDR5 GRAPHICS CARD,$230.00,Oct-17 18:11,Open Box
Asus Nvidia  GeForce  9600GSO 512M DDR2 HDMI / DVI / VGA PCI-e Graphics Card,$20.00,Oct-17 18:11,Pre-Owned
HD4650 M96 1GB KSKAE LS-5001P Rev 1.0 K000078 WKA12 K VGA Laptop Graphics Card,$37.12,Oct-17 18:07,Pre-Owned
"Vintage 1995 QDI 1MB PCI video card Cirrus Logic CL-GD5436 graphics, tested",$16.95,Oct-17 18:06,Pre-Owned
SAPPHIRE Radeon NITRO+ RX 5700 XT 8GB GDDR6 Graphics Card (11293-03-40G),"$1,250.00",Oct-17 18:04,Pre-Owned
EVGA GeForce GTX 1070 SC 8GB GDDR5 Graphics Card (08G-P4-6173-KR) Super Clock,$450.00,Oct-17 18:00,Pre-Owned
PowerColor AMD Radeon VII 16GB Graphics Card,$600.00,Oct-17 17:59,Parts Only
EVGA NVIDIA GeForce GTX 960 2GB GDDR5 Graphics Card (02GP42966KR),$155.00,Oct-17 17:57,Pre-Owned
üî•‚úÖ XFX Speedster MERC 308 AMD Radeon RX 6600 XT Black Graphics Card 6600xt üî•‚úÖ,$639.99,Oct-17 17:55,Brand New
LEADTEK WINFAST TITANIUM 2842 PCB GRAPHICS CARD AGP 32MB DDR,$142.95,Oct-17 17:52,Refurbished
üî•‚úÖNew EVGA 2070 SUPER XC Gaming Nvidia GeForce RTX GPU Graphics Card B Stocküî•‚úÖ,$824.99,Oct-17 17:48,Brand New
MSI GeForce GTX 1650 4GB GDDR6 Graphics Card (V385010),$475.00,Oct-17 17:48,Brand New
MSI GeForce RTX 2060 6GB Graphics Card,$594.00,Oct-17 17:46,Pre-Owned
"VisionTek Radeon 5450 2GB DDR3 (DVI-I, HDMI, VGA) Graphics Card - OPEN BOX",$62.99,Oct-17 17:44,Brand New
PNY NVIDIA GeForce RTX 3060 12GB XLR8 REVEL EPIC-X RGB Gaming Graphics Card,$779.99,Oct-17 17:44,Brand New
MSI NVIDIA GeForce RTX 3060 Ti Ventus 3X LHR 8GB Graphics Card üî•SHIPS FASTüî•,$899.00,Oct-17 17:42,Brand New
MSI GeForce RTX 3070 GAMING X TRIO 8GB GDDR6 NON LHR Graphics Card,"$1,500.00",Oct-17 17:33,Brand New
GIGABYTE GeForce GTX 1080 8GB GDDR5X Graphics Card (GVN1080IX8GD) W/Failed Fan,$650.00,Oct-17 17:31,Pre-Owned
MSI GeForce GT 710 2GB DDR3 Graphics Card (GT 710 2GD3 LP),$75.00,Oct-17 17:28,Pre-Owned
ASUS TUF Gaming GeForce RTX 3080 OC 10GB GDDR6X Graphics Card SHIP DAY OF SALE,"$1,545.00",Oct-17 17:25,Brand New
"Radeon 9600XT AGP Graphics Video card for Macintosh G5 PCI-x, etc.  Tested Good",$49.99,Oct-17 17:25,Pre-Owned
ASUS ROG Strix GeForce RTX 3080 OC 10GB GDDR6X Graphics Card (90YV0FA1M0AM00),"$1,625.00",Oct-17 17:18,Brand New
ASUS ROG STRIX GeForce RTX 3080 V2 10GB OC LHR Graphics Card (STRIX-RTX3080-O10G,"$1,749.99",Oct-17 17:16,Brand New
MSI GeForce RTX 3060 Ti Ventus 2X OC 8GB GDDR6 Graphics Card LHR ‚úÖ SHIPS FAST ‚úÖ,$844.88,Oct-17 17:12,Brand New
NVIDIA GeForce RTX 2080 Super Graphics Card,"$1,000.00",Oct-17 17:06,Pre-Owned
MSI RTX 2080 DUKE OC 8GB Graphics Card,$850.00,Oct-17 17:06,Pre-Owned
Palit 512mb HD4650 PM9246 Super DDR2 HDMI DVI PCI-e Graphics Card - Tested,$57.50,Oct-17 17:00,Pre-Owned
ZOTAC GeForce GTX 1080 TI 11GB Mini/ITX Graphics Video Card GPU Complete!!!,$720.00,Oct-17 17:00,Pre-Owned
EVGA NVIDIA GeForce 9500 GT 512MB DDR2 SDRAM PCI Express x16 Graphics Card,$14.95,Oct-17 17:00,Pre-Owned
Asus Strix GTX 950 2GB GDDR5 PCIe X16 Gaming Graphics Card,$149.95,Oct-17 17:00,Pre-Owned
